country_code,year,coicop,category,spending_mnac,total_mnac,share_pct,eurostat_pc_tot,diff_vs_eurostat,flag
DE,2022,CP01,Food and non-alcoholic beverages,216357.0,1876818.0,11.527862584438129,11.5,0.027862584438128835,p
DE,2022,CP04,Housing & utilities,461677.0,1876818.0,24.59892221835042,24.6,-0.0010777816495810555,p
FR,2022,CP01,Food and non-alcoholic beverages,182900.0,1377070.0,13.281823001009391,13.3,-0.01817699899060976,p
FR,2022,CP04,Housing & utilities,361237.0,1377070.0,26.232290297515743,26.2,0.032290297515743305,p
IT,2022,CP01,Food and non-alcoholic beverages,169376.0,1179567.5,14.359161302765633,14.4,-0.04083869723436706,
IT,2022,CP04,Housing & utilities,283869.0,1179567.5,24.065515538534253,24.1,-0.03448446146574824,
PL,2022,CP01,Food and non-alcoholic beverages,328159.4,1776720.8,18.469947557320204,18.5,-0.030052442679796343,
PL,2022,CP04,Housing & utilities,363001.0,1776720.8,20.430953473387603,20.4,0.030953473387604902,
EL,2022,CP01,Food and non-alcoholic beverages,25559.7,158115.2,16.165239015603813,16.2,-0.034760984396186245,p
EL,2022,CP04,Housing & utilities,35683.0,158115.2,22.56772277428103,22.6,-0.03227722571897118,p
