geo,year,essentials_share_1999,essentials_share_2018,tier_1999,tier_2018
BIH,2000,47.428100029115846,44.952697953610866,2,1
BIH,2005,47.10742335352006,44.40042443744738,2,1
BIH,2006,46.960350978795944,44.68579711701072,2,1
BIH,2007,46.540965477209156,44.22008114591458,2,1
BIH,2008,47.17259172000483,44.522334818180205,2,1
BIH,2009,47.99822500408716,44.9968021927821,2,1
BIH,2010,46.69090170967772,44.53952785238976,2,1
BIH,2011,46.540590405904055,44.657465321454296,2,1
BIH,2013,46.711160516557094,44.94593323930418,2,1
BIH,2014,45.62402522837507,43.81735958672367,2,1
BIH,2015,45.22782421137774,43.52305023738365,2,1
BIH,2021,45.10600936524454,43.45542165274328,2,1
BIH,2022,45.15287808409982,42.38727952517269,2,1
BIH,2023,45.06667105562734,42.57950577599738,2,1
CHE,2022,34.61333285421645,35.48775271943212,0,1
CZE,2021,44.56459286828678,48.75296514471124,1,2
CZE,2022,41.79678560044215,47.467422019649455,1,2
DEU,2002,35.04725201789882,34.38150943048839,1,0
DEU,2004,35.348839518184725,34.6077022699596,1,0
DEU,2005,35.6875482695102,34.886930847493375,1,0
DEU,2006,35.58089519857212,34.915742999119125,1,0
DEU,2007,35.47139461258864,34.8085165932724,1,0
DEU,2010,35.61521196378584,34.997336301146795,1,0
DEU,2013,35.38048131926453,34.94575213925839,1,0
DEU,2014,35.16885484314159,34.699741946658555,1,0
DEU,2015,35.103305744623995,34.68802810005591,1,0
ESP,2010,34.936965475535835,35.176119216762714,0,1
IRL,2023,34.8576102367032,36.445302873295304,0,1
ITA,2006,34.902707620188735,35.01752796554315,0,1
ITA,2007,34.90841788033247,35.03401971337204,0,1
LVA,1999,46.01477794987685,44.76429625410961,2,1
LVA,2006,38.7493116086519,34.252554611466124,1,0
LVA,2007,39.5530624205567,34.69843268389597,1,0
LVA,2017,38.57228074706812,34.67739834857128,1,0
LVA,2018,38.791357581789356,34.938830909190955,1,0
LVA,2019,39.09378115862471,34.96376274822369,1,0
MNE,2007,37.436647869226924,33.376307119323876,1,0
MNE,2018,36.8234270537595,33.693385505752246,1,0
MNE,2019,36.3894408174851,32.38740143449014,1,0
MNE,2020,47.29825758221767,44.7400558269365,2,1
MNE,2022,38.87587390013097,34.77075228156928,1,0
MNE,2023,37.27700105661302,33.28917258822113,1,0
NLD,2017,35.56871114988549,34.49467267234674,1,0
NLD,2018,35.37520054052928,34.180709725657096,1,0
NLD,2019,35.67657125166971,34.304773724568946,1,0
NLD,2022,35.07859483018477,34.431280507190806,1,0
ROU,2016,44.973032432982244,49.92810685476313,1,2
ROU,2018,43.99660125528598,50.011000704790916,1,2
ROU,2019,43.65362023144239,49.87699520846331,1,2
ROU,2020,43.345833773379,50.69744203850121,1,2
ROU,2021,42.77618685480195,50.05126764579224,1,2
ROU,2022,43.345853104293255,48.47739703646626,1,2
SVN,2002,35.28417033685571,34.78570771636163,1,0
SVK,2019,44.95182777134353,45.25748168517842,1,2
TUR,2023,33.915951863666194,35.72231826729195,0,1
