iso3,year,source,coicop_version,food_share,essentials_share,housing_share,tier,distance_to_boundary
ALB,1995,Eurostat,1999,36.28552012077756,46.42583044750367,10.140310326726109,Higher,1.425830447503671
ALB,1996,Eurostat,1999,37.65894831259689,47.44580877929117,9.78686046669428,Higher,2.44580877929117
ALB,2000,Eurostat,1999,33.251878330752135,47.88593913151375,14.634060800761612,Higher,2.8859391315137515
ALB,2002,Eurostat,1999,32.31715932680688,47.83309907229342,15.515939745486538,Higher,2.8330990722934217
ALB,2003,Eurostat,1999,31.89665433687506,46.86612182013776,14.969467483262704,Higher,1.8661218201377565
ALB,2004,Eurostat,1999,30.895052384805368,46.41483163789581,15.519779253090444,Higher,1.4148316378958086
ALB,2005,Eurostat,1999,30.368155008808788,45.856523765567935,15.48836875675914,Higher,0.8565237655679354
ALB,2006,Eurostat,1999,29.67856191839316,45.21236822459237,15.53380630619921,Higher,0.21236822459236748
ALB,2011,Eurostat,1999,29.261157364858832,43.42025690828319,14.159099543424364,Moderate,1.5797430917168072
ALB,2012,Eurostat,1999,29.478961346867337,43.4362112628304,13.957249915963065,Moderate,1.5637887371696024
ALB,2013,Eurostat,1999,29.946268167882785,44.343152753265024,14.396884585382242,Moderate,0.6568472467349764
ALB,2014,Eurostat,1999,29.54899275906597,43.5026524894078,13.953659730341824,Moderate,1.4973475105921992
ALB,2015,Eurostat,1999,29.669296349743867,43.283443773236,13.614147423492124,Moderate,1.7165562267639984
ALB,2016,Eurostat,1999,28.957973532044285,42.1991558005,13.24118226845571,Moderate,2.8008441994999984
ALB,2020,Eurostat,1999,31.496184122944072,45.70657679441739,14.21039267147331,Higher,0.7065767944173871
AUS,2008,OECD,1999,10.317248071361451,32.06282122664188,21.74557315528043,Lower,2.93717877335812
AUS,2009,OECD,1999,9.961427100803569,32.100397029376865,22.1389699285733,Lower,2.8996029706231354
AUS,2010,OECD,1999,9.79291600660732,32.29906318216076,22.50614717555344,Lower,2.700936817839242
AUS,2011,OECD,1999,9.672067510131216,32.67048755943359,22.99842004930237,Lower,2.329512440566411
AUS,2012,OECD,1999,9.67424953705784,33.118279061297564,23.444029524239724,Lower,1.8817209387024363
AUS,2013,OECD,1999,9.633947570969347,33.12921628107031,23.49526871010096,Lower,1.8707837189296868
AUS,2014,OECD,1999,9.58117386441188,33.08942327189794,23.508249407486066,Lower,1.9105767281020576
AUS,2015,OECD,1999,9.561175971042154,32.91884404047708,23.35766806943493,Lower,2.081155959522917
AUS,2016,OECD,1999,9.580021409118496,32.976853550853775,23.39683214173528,Lower,2.0231464491462248
AUS,2017,OECD,1999,9.481055932426568,33.00544742527469,23.52439149284812,Lower,1.9945525747253114
AUS,2018,OECD,1999,9.5497393247503,33.2161692137537,23.666429889003403,Lower,1.7838307862462983
AUS,2019,OECD,1999,10.30438119952814,35.16736989076469,24.862988691236545,Moderate,0.16736989076468944
AUS,2020,OECD,1999,10.45648325614836,35.49801671850919,25.041533462360828,Moderate,0.4980167185091915
AUS,2021,OECD,1999,10.267739532319435,34.4190805853073,24.151341052987863,Lower,0.5809194146927013
AUS,2022,OECD,1999,9.817175544963415,32.53282990812695,22.71565436316353,Lower,2.467170091873051
AUS,2023,OECD,1999,9.656525792304931,33.32486950591803,23.668343713613098,Lower,1.6751304940819693
AUS,2024,OECD,1999,9.56827627653469,33.88855308603593,24.32027680950124,Lower,1.1114469139640732
CAN,1995,OECD,1999,10.464325460615804,35.45836351110248,24.994038050486672,Moderate,0.4583635111024833
CAN,1996,OECD,1999,10.288808282931136,35.05669058790474,24.767882304973604,Moderate,0.05669058790473969
CAN,1997,OECD,1999,9.993581246907372,33.943081756631884,23.949500509724512,Lower,1.0569182433681164
CAN,1998,OECD,1999,9.908640905150785,33.347020089115986,23.438379183965203,Lower,1.6529799108840137
CAN,1999,OECD,1999,9.711298849084598,32.76525791164311,23.05395906255852,Lower,2.2347420883568887
CAN,2000,OECD,1999,9.569472784075996,32.3526174530738,22.783144668997807,Lower,2.6473825469262025
CAN,2001,OECD,1999,9.694738481707674,32.406007229963464,22.711268748255787,Lower,2.593992770036536
CAN,2003,OECD,1999,9.5133911953424,32.1815370264381,22.668145831095703,Lower,2.8184629735619
CAN,2004,OECD,1999,9.42421840747361,32.055130237316334,22.630911829842727,Lower,2.944869762683666
CAN,2008,OECD,1999,9.148300293092705,32.31035517297085,23.16205487987815,Lower,2.6896448270291486
CAN,2009,OECD,1999,9.677753708060822,33.44343213433896,23.765678426278143,Lower,1.5565678656610373
CAN,2010,OECD,1999,9.44438958559626,33.04784788738576,23.60345830178949,Lower,1.9521521126142432
CAN,2011,OECD,1999,9.350075844120871,33.019016782484115,23.66894093836324,Lower,1.9809832175158846
CAN,2012,OECD,1999,9.325648720607834,33.1566157928173,23.830967072209457,Lower,1.8433842071827016
CAN,2013,OECD,1999,9.24196210496603,33.289489675504655,24.04752757053863,Lower,1.7105103244953455
CAN,2014,OECD,1999,9.208290287322765,33.33557921214571,24.12728892482296,Lower,1.66442078785429
CAN,2015,OECD,1999,9.270299628858512,33.50167466280438,24.231375033945863,Lower,1.4983253371956167
CAN,2016,OECD,1999,9.19724776672448,33.43230762893754,24.235059862213056,Lower,1.5676923710624635
CAN,2017,OECD,1999,9.078115120976667,32.99106236798388,23.912947247007217,Lower,2.0089376320161207
CAN,2018,OECD,1999,9.037087488228796,32.87527559407611,23.838188105847312,Lower,2.1247244059238923
CAN,2019,OECD,1999,9.082405400307367,33.321557010287925,24.23915160998055,Lower,1.6784429897120745
CAN,2020,OECD,1999,10.52399368645037,37.084533675656445,26.56053998920608,Moderate,2.084533675656445
CAN,2021,OECD,1999,9.80977402536594,35.18901824965347,25.37924422428753,Moderate,0.18901824965347203
CAN,2022,OECD,1999,9.43556650317625,33.70655565200167,24.27098914882541,Lower,1.2934443479983315
CAN,2023,OECD,1999,9.587386002245603,34.11657078909286,24.529184786847257,Lower,0.8834292109071384
CAN,2024,OECD,1999,9.46877230654876,34.998259720493415,25.52948741394465,Lower,0.0017402795065848409
CHL,2018,OECD,1999,17.894738543199555,32.37900340364202,14.484264860442458,Lower,2.6209965963579833
CHL,2019,OECD,1999,18.022640131017106,33.049740365474754,15.027100234457649,Lower,1.9502596345252456
CHL,2020,OECD,1999,20.477479509535016,37.38318323723519,16.905703727700175,Moderate,2.383183237235187
CHL,2021,OECD,1999,19.65258190819544,35.078134555721064,15.425552647525626,Moderate,0.0781345557210642
CHL,2022,OECD,1999,20.01050199781001,35.0848045914477,15.074302593637686,Moderate,0.0848045914476998
CHL,2023,OECD,1999,21.198326939354363,36.73227296807361,15.533946028719248,Moderate,1.7322729680736089
CHL,2024,OECD,1999,21.49090059748309,37.088788865936586,15.597888268453492,Moderate,2.0887888659365856
COL,2005,OECD,1999,20.29566721711096,37.14537845229046,16.849711235179505,Moderate,2.1453784522904584
COL,2006,OECD,1999,19.684975012843868,36.23565768374512,16.550682670901253,Moderate,1.2356576837451172
COL,2007,OECD,1999,19.405312624285685,35.56506813472045,16.159755510434763,Moderate,0.5650681347204483
COL,2008,OECD,1999,20.04450514292263,35.90909235613028,15.864587213207647,Moderate,0.9090923561302802
COL,2009,OECD,1999,19.775851664600115,36.298460143567816,16.522608478967705,Moderate,1.2984601435678158
COL,2010,OECD,1999,18.92722447269172,35.397122503142896,16.46989803045118,Moderate,0.39712250314289577
COL,2011,OECD,1999,18.398246086001123,34.2991258086333,15.900879722632178,Lower,0.7008741913667009
COL,2012,OECD,1999,17.828154322622243,33.79209505278792,15.963940730165676,Lower,1.2079049472120786
COL,2013,OECD,1999,16.99844284463385,33.086963460767016,16.088520616133163,Lower,1.9130365392329836
COL,2014,OECD,1999,16.710892954933477,32.76181425764263,16.050921302709146,Lower,2.2381857423573734
COL,2015,OECD,1999,17.064924930893728,32.85483449461321,15.789909563719482,Lower,2.1451655053867924
COL,2016,OECD,1999,18.25569783484828,34.10500994367237,15.849312108824096,Lower,0.8949900563276287
COL,2017,OECD,1999,17.485310945732753,33.47900680968667,15.99369586395392,Lower,1.5209931903133267
COL,2018,OECD,1999,17.666106402077197,33.873265740121575,16.207159338044374,Lower,1.1267342598784253
COL,2019,OECD,1999,18.07498304952601,34.12537642582375,16.050393376297738,Lower,0.8746235741762476
COL,2021,OECD,1999,21.470989769084323,36.50685300405818,15.035863234973853,Moderate,1.5068530040581791
COL,2022,OECD,1999,22.794285393720664,35.97696205845504,13.182676664734371,Moderate,0.9769620584550367
COL,2023,OECD,1999,22.55312656050602,36.12536758586251,13.572241025356488,Moderate,1.125367585862513
COL,2024,OECD,1999,22.585057551176813,36.56581400274538,13.98075645156857,Moderate,1.5658140027453769
CRI,2008,OECD,1999,26.61233581448356,42.05961555229952,15.44727973781596,Moderate,2.940384447700481
CRI,2009,OECD,1999,25.98453263326675,42.34724340884235,16.362710775575604,Moderate,2.6527565911576474
CRI,2010,OECD,1999,25.725113550975564,42.4231562400575,16.69804268908194,Moderate,2.5768437599424985
CRI,2017,OECD,1999,21.94860934032951,37.14160459136605,15.192995251036535,Moderate,2.141604591366047
CRI,2018,OECD,1999,21.502686046787044,36.70615158254017,15.20346553575312,Moderate,1.7061515825401727
CRI,2019,OECD,1999,21.5000203037082,36.62843659924814,15.128416295539948,Moderate,1.6284365992481398
CRI,2021,OECD,1999,22.26873968435228,37.880480478011584,15.61174079365931,Moderate,2.8804804780115845
GBR,1995,OECD,1999,9.447650703669554,36.52536359738491,27.07771289371535,Moderate,1.52536359738491
GBR,1996,OECD,1999,9.396676869106413,35.942647082226,26.545970213119595,Moderate,0.9426470822260029
GBR,1997,OECD,1999,8.85631750317662,34.84950762388818,25.993190120711564,Lower,0.15049237611182065
GBR,1998,OECD,1999,8.728068659277394,34.24573157893083,25.517662919653432,Lower,0.7542684210691704
GBR,1999,OECD,1999,8.564130364594986,33.892962636484725,25.32883227188974,Lower,1.1070373635152748
GBR,2000,OECD,1999,8.194854667399923,33.28011004584765,25.08525537844773,Lower,1.7198899541523502
GBR,2001,OECD,1999,8.158253034386952,33.194366805218095,25.036113770831143,Lower,1.8056331947819046
GBR,2002,OECD,1999,8.093016283471059,33.10111385045333,25.008097566982272,Lower,1.8988861495466693
GBR,2003,OECD,1999,8.174318572156228,32.85289758809481,24.67857901593859,Lower,2.1471024119051876
GBR,2004,OECD,1999,8.067382378643858,32.72014489994191,24.652762521298047,Lower,2.279855100058093
GBR,2005,OECD,1999,7.920121689977738,32.75893266775858,24.83881097778084,Lower,2.241067332241421
GBR,2006,OECD,1999,7.854440580583236,33.273052602711395,25.41861202212816,Lower,1.7269473972886047
GBR,2007,OECD,1999,7.869833964456325,33.09017323817006,25.220339273713737,Lower,1.9098267618299403
GBR,2008,OECD,1999,8.214761687925334,34.10893343350489,25.89417174557955,Lower,0.8910665664951125
GBR,2009,OECD,1999,8.747939073458683,35.76390965239751,27.015970578938823,Moderate,0.7639096523975084
GBR,2010,OECD,1999,8.73591729348113,35.539658386117715,26.80374109263657,Moderate,0.5396583861177149
GBR,2011,OECD,1999,8.959450467144702,35.30088137319555,26.34143090605085,Moderate,0.3008813731955513
GBR,2012,OECD,1999,9.043884116679717,35.83706803636621,26.7931839196865,Moderate,0.8370680363662117
GBR,2013,OECD,1999,9.096732336708213,35.83436894623341,26.7376366095252,Moderate,0.8343689462334112
GBR,2014,OECD,1999,8.88526145995146,35.164492986889506,26.279231526938045,Moderate,0.1644929868895062
GBR,2015,OECD,1999,8.643005263724747,35.23242276650705,26.589417502782304,Moderate,0.23242276650704952
GBR,2016,OECD,1999,8.585916791517805,35.127102954987386,26.54118616346957,Moderate,0.12710295498738589
GBR,2017,OECD,1999,8.703958225263248,34.77696684945204,26.073008624188788,Lower,0.22303315054796258
GBR,2018,OECD,1999,8.751724665114121,34.61137041530466,25.85964575019053,Lower,0.38862958469533737
GBR,2019,OECD,1999,8.53316384704451,34.37768960175136,25.844525754706847,Lower,0.6223103982486435
GBR,2021,OECD,1999,9.446764170221329,37.21320607122534,27.76644190100401,Moderate,2.2132060712253434
GBR,2022,OECD,1999,8.993726783106036,35.14368160428535,26.14995482117931,Moderate,0.14368160428534793
GBR,2023,OECD,1999,9.075906884489736,35.68706409043746,26.611157205947723,Moderate,0.6870640904374596
GBR,2024,OECD,1999,9.06616765529454,36.20599699955034,27.139829344255805,Moderate,1.2059969995503366
ISL,1995,Eurostat,1999,17.326597700900926,35.19275863463318,17.86616093373225,Moderate,0.19275863463317933
ISL,1996,Eurostat,1999,16.98128076766807,33.815839510564764,16.834558742896697,Lower,1.1841604894352358
ISL,1997,Eurostat,1999,17.03963138383354,33.51171431412623,16.472082930292682,Lower,1.4882856858737696
ISL,1998,Eurostat,1999,16.334321091061156,32.40704897385249,16.072727882791334,Lower,2.59295102614751
ISL,2001,Eurostat,1999,15.125886362431247,32.46973955044372,17.343853188012474,Lower,2.5302604495562804
ISL,2002,Eurostat,1999,15.126174764036223,33.52235403378063,18.396179269744408,Lower,1.4776459662193702
ISL,2003,Eurostat,1999,13.521671660715596,33.06603858354786,19.544366922832253,Lower,1.9339614164521421
ISL,2004,Eurostat,1999,12.992259552593438,33.08745419793894,20.0951946453455,Lower,1.9125458020610608
ISL,2006,Eurostat,1999,11.788921310974068,32.09087056742605,20.301949256451984,Lower,2.9091294325739483
ISL,2007,Eurostat,1999,11.448348533536098,32.776572272309856,21.32822373877376,Lower,2.2234277276901437
ISL,2008,Eurostat,1999,12.527882797918224,36.25576696504426,23.727884167126028,Moderate,1.255766965044259
ISL,2015,Eurostat,1999,13.822410536157296,37.84780552166776,24.02539498551047,Moderate,2.847805521667759
ISL,2016,Eurostat,1999,13.1092868568219,36.09084623556131,22.98155937873941,Moderate,1.0908462355613082
ISL,2017,Eurostat,1999,12.50072045991161,35.413188312401125,22.91246785248952,Moderate,0.4131883124011253
ISL,2018,Eurostat,1999,12.417049675586338,35.385957650750846,22.968907975164505,Moderate,0.3859576507508464
ISL,2019,Eurostat,1999,12.243461793381115,35.76512439634131,23.521662602960195,Moderate,0.7651243963413066
ISL,2021,Eurostat,1999,12.926330018149738,37.65421340045699,24.72788338230725,Moderate,2.654213400456989
ISL,2022,Eurostat,1999,12.538221648440494,35.112098513630585,22.57387686519009,Moderate,0.11209851363058476
ISL,2023,Eurostat,1999,12.67185445994895,35.015382693312844,22.34352823336389,Moderate,0.015382693312844253
ISL,2024,Eurostat,1999,12.944225179371458,36.89100770238207,23.94678252301061,Moderate,1.891007702382069
JPN,1995,OECD,2018,15.306315709333582,36.650623710097165,21.344308000763583,Moderate,1.6506237100971646
JPN,1996,OECD,2018,14.636266270760007,36.478894108572106,21.842627837812103,Moderate,1.4788941085721063
JPN,1997,OECD,2018,13.944563623502344,36.37183962354423,22.42727600004189,Moderate,1.3718396235442327
JPN,1998,OECD,2018,14.32155815480749,37.37766461504672,23.056106460239228,Moderate,2.3776646150467187
JPN,1999,OECD,2018,14.223875537282074,37.5886254824435,23.364749945161424,Moderate,2.588625482443497
JPN,2000,OECD,2018,13.697726873373778,37.211124913624495,23.51339804025072,Moderate,2.211124913624495
JPN,2001,OECD,2018,13.683600587719406,37.43664140767218,23.753040819952776,Moderate,2.4366414076721767
JPN,2002,OECD,2018,13.67668226173545,37.71325237626375,24.036570114528296,Moderate,2.7132523762637533
JPN,2003,OECD,2018,13.472219480549777,37.86778837957588,24.3955688990261,Moderate,2.8677883795758774
JPN,2020,OECD,2018,17.16737045298407,45.17103685297136,28.00366639998728,Higher,0.17103685297136195
JPN,2021,OECD,2018,16.83476374235621,44.93465038918836,28.09988664683215,Moderate,0.06534961081163715
JPN,2022,OECD,2018,16.10913406815141,43.91314454221054,27.804010474059133,Moderate,1.0868554577894614
JPN,2023,OECD,2018,15.930005475593278,42.97124615506322,27.041240679469936,Moderate,2.02875384493678
JPN,2024,OECD,2018,16.33439199217682,43.02600808479824,26.691616092621423,Moderate,1.9739919152017578
KOR,1995,OECD,2018,15.139010580477605,32.569527107455905,17.4305165269783,Lower,2.4304728925440955
KOR,1997,OECD,2018,13.347183904063298,32.8122673608419,19.465083456778604,Lower,2.1877326391580993
KOR,1998,OECD,2018,14.004826718211474,36.006297669811524,22.001470951600048,Moderate,1.0062976698115236
KOR,1999,OECD,2018,14.207308036615704,34.10377061876926,19.89646258215356,Lower,0.8962293812307394
KOR,2000,OECD,2018,13.435503709268398,33.226934078759015,19.791430369490616,Lower,1.7730659212409847
KOR,2001,OECD,2018,12.692362733737328,32.04840333580289,19.35604060206556,Lower,2.951596664197112
MEX,1995,OECD,1999,22.95513726904285,42.36214479456554,19.407007525522683,Moderate,2.6378552054344624
MEX,1996,OECD,1999,24.18335324907667,43.15160606502095,18.968252815944272,Moderate,1.8483939349790504
MEX,1997,OECD,1999,23.2200973172975,42.18818271849012,18.968085401192614,Moderate,2.8118172815098816
MEX,2003,OECD,1999,23.18497461420091,43.16805738807791,19.983082773877,Moderate,1.8319426119220878
MEX,2004,OECD,1999,23.279664434935874,43.2817995167053,20.002135081769428,Moderate,1.7182004832947015
MEX,2005,OECD,1999,23.263986761087907,43.23653091298747,19.97254415189956,Moderate,1.7634690870125311
MEX,2008,OECD,1999,22.61942735628141,42.5623629139561,19.94293555767469,Moderate,2.4376370860438996
MEX,2009,OECD,1999,23.4551559767571,43.29044906851477,19.835293091757663,Moderate,1.7095509314852322
MEX,2010,OECD,1999,23.02085916814024,42.25078212395159,19.22992295581135,Moderate,2.7492178760484123
MEX,2020,OECD,1999,27.94846279369658,46.07133584630472,18.122873052608146,Higher,1.07133584630472
MEX,2021,OECD,1999,26.450559292233887,44.78544936717929,18.3348900749454,Moderate,0.21455063282071052
MEX,2022,OECD,1999,25.478959021351272,43.059699260970845,17.58074023961957,Moderate,1.940300739029155
NOR,1995,Eurostat,1999,15.928194931459611,37.738861347341455,21.810666415881844,Moderate,2.738861347341455
NOR,1996,Eurostat,1999,15.18574051853038,36.473685633418526,21.28794511488815,Moderate,1.4736856334185262
NOR,1997,Eurostat,1999,15.08097146044253,35.91676011675184,20.835788656309308,Moderate,0.9167601167518384
NOR,1998,Eurostat,1999,15.13352837653709,35.31244084512058,20.178912468583487,Moderate,0.3124408451205767
NOR,1999,Eurostat,1999,14.99826484794402,34.68940778197992,19.69114293403589,Lower,0.3105922180200835
NOR,2000,Eurostat,1999,14.670212343981383,34.34458959170721,19.67437724772583,Lower,0.6554104082927878
NOR,2001,Eurostat,1999,14.323161375033616,35.10069131349564,20.777529938462024,Moderate,0.10069131349563776
NOR,2002,Eurostat,1999,14.043547952137253,35.22666327300494,21.18311532086769,Moderate,0.22666327300493805
NOR,2003,Eurostat,1999,13.941412178632204,35.794853516074134,21.85344133744193,Moderate,0.7948535160741343
NOR,2004,Eurostat,1999,13.52507718770857,34.627301387479584,21.10222419977101,Lower,0.37269861252041636
NOR,2005,Eurostat,1999,12.988968390170076,34.002099660257926,21.013131270087847,Lower,0.997900339742074
NOR,2006,Eurostat,1999,12.314246662983104,33.59021335582245,21.275966692839347,Lower,1.4097866441775508
NOR,2007,Eurostat,1999,12.090228937064964,32.50469021896752,20.41446128190255,Lower,2.495309781032482
NOR,2008,Eurostat,1999,12.27170418354043,33.30205425694536,21.03035007340493,Lower,1.697945743054639
NOR,2009,Eurostat,1999,12.701088420285492,34.23881873920689,21.5377303189214,Lower,0.7611812607931085
NOR,2010,Eurostat,1999,12.250808726276034,34.61487896992973,22.36407024365369,Lower,0.3851210300702732
NOR,2011,Eurostat,1999,12.296253544258688,34.09363815249221,21.797384608233525,Lower,0.9063618475077888
NOR,2012,Eurostat,1999,12.433953130995553,33.601841089862766,21.16788795886721,Lower,1.3981589101372336
NOR,2013,Eurostat,1999,12.38549471816213,34.34488964109925,21.95939492293712,Lower,0.6551103589007496
NOR,2014,Eurostat,1999,12.454304520613858,34.310236045609834,21.85593152499597,Lower,0.6897639543901661
NOR,2015,Eurostat,1999,12.198695151550568,34.57371027492023,22.37501512336966,Lower,0.42628972507976925
NOR,2016,Eurostat,1999,12.153695788628912,34.613291497634535,22.459595709005622,Lower,0.3867085023654653
NOR,2017,Eurostat,1999,11.68750468316098,34.09636374783061,22.408859064669628,Lower,0.9036362521693917
NOR,2018,Eurostat,1999,11.597853179295916,34.44337305558082,22.845519876284907,Lower,0.5566269444191789
NOR,2019,Eurostat,1999,11.41749964803604,34.374067295508944,22.95656764747289,Lower,0.6259327044910563
NOR,2020,Eurostat,1999,13.403218540251713,36.420927924999575,23.01770938474786,Moderate,1.4209279249995745
NOR,2021,Eurostat,1999,12.56047065352691,36.2023015835963,23.64183093006939,Moderate,1.2023015835963022
NOR,2022,Eurostat,1999,11.397830757215605,34.320128753172,22.92229799595639,Lower,0.6798712468280002
NOR,2023,Eurostat,1999,11.70253229540024,34.823670381571084,23.12113808617085,Lower,0.17632961842891604
NZL,1995,OECD,1999,13.233964109755028,37.50642820010746,24.27246409035244,Moderate,2.5064282001074574
NZL,1996,OECD,1999,13.169323198824326,37.81613452419212,24.6468113253678,Moderate,2.8161345241921225
NZL,2000,OECD,1999,13.31926961402421,37.7028503222942,24.383580708269985,Moderate,2.7028503222942035
NZL,2001,OECD,1999,13.380874533875156,36.72459648978676,23.343721955911604,Moderate,1.7245964897867623
NZL,2002,OECD,1999,13.48370850676469,36.33901165005668,22.85530314329199,Moderate,1.3390116500566833
NZL,2003,OECD,1999,13.450857832037116,36.34537455577097,22.894516723733847,Moderate,1.3453745557709667
NZL,2004,OECD,1999,13.22972009354599,36.403312182363294,23.17359208881731,Moderate,1.403312182363294
NZL,2005,OECD,1999,13.287424266447578,36.5297125778438,23.24228831139622,Moderate,1.529712577843803
NZL,2006,OECD,1999,13.354690179037313,36.856864544309815,23.502174365272506,Moderate,1.8568645443098148
NZL,2007,OECD,1999,13.505554806777363,37.42034059598798,23.91478578921061,Moderate,2.4203405959879802
NZL,2016,OECD,1999,12.763493428836036,37.598528236491,24.835034807654967,Moderate,2.598528236490999
NZL,2017,OECD,1999,12.768751196054914,37.64239922676287,24.873648030707955,Moderate,2.642399226762869
NZL,2018,OECD,1999,12.44988692992844,37.3162184055885,24.866331475660058,Moderate,2.3162184055885007
NZL,2019,OECD,1999,12.331260234480094,37.60378174185944,25.27252150737934,Moderate,2.603781741859443
NZL,2022,OECD,1999,12.430965977100987,37.869498779100766,25.43853280199978,Moderate,2.8694987791007662
NZL,2023,OECD,1999,12.26919988244,37.73979202713892,25.47059214469892,Moderate,2.7397920271389182
