geo,year,food_gap,housing_gap
BA,2005,-4.038886995611971,1.3318880795392918
BA,2008,-4.019761162684759,1.3695042608601273
BA,2009,-4.224304273758989,1.2228814624539197
CZ,2020,-0.8683028882519999,5.012941295033883
CZ,2021,-1.5425683318804104,5.7309406083048735
CZ,2022,-1.1844357351240955,6.855072154331399
LV,2003,1.2747520560371655,-4.6247563656577135
LV,2004,1.075627960542171,-4.137106044890482
LV,2005,1.0632259151767656,-4.380252807836936
LV,2006,1.261400699402433,-5.758157696588205
LV,2007,1.3873061846916528,-6.2419359213523755
LV,2008,1.4473724921384488,-5.928368794768549
LV,2012,0.9977411828828124,-4.341971597287472
LV,2013,0.9826324202811101,-4.341660084713663
LV,2014,1.0349882258575889,-4.648636608497132
LV,2015,0.8692783254329122,-4.369038906150667
LV,2016,0.8868952320822068,-4.431126060213181
LV,2017,0.9457015365190884,-4.840583935015932
LV,2018,0.9407126224295155,-4.793239295027917
LV,2019,0.9714228152511133,-5.101441225652131
LV,2020,1.1028676656001295,-5.118651629960041
LV,2021,1.0972717469571585,-5.359102235726024
LV,2022,0.5891109553824236,-4.231415258373552
ME,2006,-6.289538635570867,0.19517720150042095
ME,2007,-4.18575662611719,0.12541587621414507
ME,2009,-4.3800014886665934,0.08811017492835482
ME,2011,-4.931500594737262,0.47519050437933075
ME,2012,-4.3283492886283526,0.10662057323571794
ME,2014,-4.467697879490725,0.5197086100917314
ME,2019,-4.117228850799073,0.11518946780410566
ME,2023,-4.367312788115221,0.3794843197233284
RO,2013,-3.120235148111888,6.945826871272178
RO,2014,-1.6156699006102002,6.157420982081806
RO,2015,-1.2051697656310694,6.36252499382412
RO,2016,-2.6162084190780845,7.571282840858974
RO,2017,0.2993495380397668,5.050959666982514
RO,2018,-0.383796409388097,6.39819585889304
RO,2019,-0.08190826497111203,6.305283241992029
RO,2020,0.24345217627711335,7.108156088845099
RO,2021,0.24381600152707605,7.031264789463215
RO,2022,-0.21414695077449153,5.3456908829474905
