geo,first_year_1999,last_year_1999,n_years_1999,first_year_2018,last_year_2018,n_years_2018
AL,1995,2024,30,,,
AT,1995,2022,28,1995.0,2025.0,31.0
BA,2000,2023,24,2000.0,2024.0,25.0
BE,1995,2022,28,1995.0,2024.0,30.0
BG,1995,2022,28,1995.0,2024.0,30.0
CH,1995,2022,28,1995.0,2024.0,30.0
CY,1995,2022,28,1995.0,2024.0,30.0
CZ,1995,2022,28,1995.0,2025.0,31.0
DE,1995,2022,28,1995.0,2025.0,31.0
DK,1975,2022,48,1975.0,2025.0,51.0
EE,1995,2022,28,1995.0,2025.0,31.0
EL,1995,2023,29,1995.0,2024.0,30.0
ES,1995,2022,28,1995.0,2024.0,30.0
FI,1980,2024,45,1990.0,2025.0,36.0
FR,1975,2022,48,1975.0,2025.0,51.0
HR,1995,2023,29,1995.0,2024.0,30.0
HU,1995,2022,28,1995.0,2024.0,30.0
IE,1995,2023,29,1995.0,2025.0,31.0
IS,1995,2025,31,,,
IT,1995,2023,29,1995.0,2025.0,31.0
LT,1995,2023,29,2020.0,2024.0,5.0
LU,1995,2024,30,1995.0,2024.0,30.0
LV,1995,2022,28,1995.0,2024.0,30.0
ME,2006,2023,18,2006.0,2024.0,19.0
MK,2000,2023,24,,,
MT,1995,2023,29,1995.0,2025.0,31.0
NL,1995,2022,28,1995.0,2025.0,31.0
NO,1975,2023,49,,,
PL,1995,2023,29,1995.0,2024.0,30.0
PT,1995,2022,28,1995.0,2025.0,31.0
RO,1995,2022,28,1995.0,2024.0,30.0
RS,1995,2023,29,1995.0,2024.0,30.0
SE,1993,2022,30,1993.0,2025.0,33.0
SI,1995,2022,28,1995.0,2025.0,31.0
SK,1995,2024,30,1995.0,2024.0,30.0
TR,2009,2023,15,2009.0,2025.0,17.0
UK,1995,2019,25,,,
XK,2008,2017,10,,,
