iso3,eurostat_version,oecd_version,overlap_years,food_median_gap,food_max_gap,housing_median_gap,housing_max_gap,match_within_rounding,same_version
AUT,2018,2018,30,0.0,0.04,0.0,0.24,False,True
AUT,2018,1999,28,0.29,0.41,0.84,1.29,False,False
BEL,2018,2018,30,0.0,0.0,0.0,0.0,True,True
BEL,2018,1999,28,0.11,1.21,0.08,0.65,False,False
CHE,2018,2018,30,0.0,0.0,0.0,0.0,True,True
CZE,2018,2018,31,0.0,0.0,0.0,0.0,True,True
CZE,2018,1999,28,0.13,1.54,1.25,6.86,False,False
DEU,2018,2018,31,0.0,0.0,0.0,0.0,True,True
DEU,2018,1999,28,0.26,0.67,0.2,0.87,False,False
DNK,2018,2018,51,0.0,0.0,0.0,0.0,True,True
DNK,2018,1999,48,0.02,0.17,0.05,0.76,False,False
ESP,2018,2018,30,0.0,0.01,0.0,0.01,True,True
ESP,2018,1999,28,0.05,0.17,0.26,0.61,False,False
EST,2018,2018,31,0.0,0.0,0.0,0.0,True,True
EST,2018,1999,28,0.0,0.79,0.04,3.16,False,False
FIN,2018,2018,36,0.0,0.0,0.0,0.0,True,True
FIN,2018,1999,35,0.0,0.16,0.01,0.13,False,False
FRA,2018,2018,51,0.0,0.0,0.0,0.0,True,True
FRA,2018,1999,48,1.31,1.85,1.51,1.92,False,False
GBR,1999,1999,25,0.18,0.89,0.46,0.54,False,True
GRC,2018,2018,30,0.0,0.0,0.0,0.0,True,True
GRC,2018,1999,29,0.0,0.45,0.02,0.27,False,False
HUN,2018,2018,30,0.0,0.0,0.0,0.0,True,True
HUN,2018,1999,28,0.01,0.28,0.2,0.3,False,False
IRL,2018,2018,31,0.0,0.0,0.0,0.0,True,True
IRL,2018,1999,29,0.08,1.3,0.0,0.28,False,False
ISL,1999,1999,31,0.0,0.0,0.0,0.0,True,True
ITA,2018,2018,31,0.0,0.0,0.0,0.0,True,True
ITA,2018,1999,29,0.25,0.3,0.4,1.04,False,False
LTU,1999,1999,29,0.0,0.08,0.0,0.07,False,True
LTU,1999,2018,4,0.03,0.08,0.12,0.14,False,False
LUX,2018,2018,30,0.0,0.0,0.0,0.0,True,True
LUX,2018,1999,30,0.0,0.0,0.0,0.0,True,False
LVA,2018,2018,30,0.0,0.0,0.0,0.0,True,True
LVA,2018,1999,28,0.96,1.45,4.34,6.24,False,False
NLD,2018,2018,31,0.0,0.0,0.0,0.0,True,True
NLD,2018,1999,28,0.06,0.5,0.46,0.87,False,False
POL,2018,2018,30,0.0,0.01,0.0,0.01,True,True
POL,2018,1999,29,0.0,0.39,0.07,0.29,False,False
PRT,2018,2018,31,0.0,0.0,0.0,0.0,True,True
PRT,2018,1999,28,0.02,0.5,0.14,0.53,False,False
SVK,2018,2018,30,0.0,0.0,0.0,0.0,True,True
SVK,2018,1999,30,0.0,0.31,0.28,0.33,False,False
SVN,2018,2018,30,0.0,0.0,0.0,0.0,True,True
SVN,2018,1999,28,0.22,0.6,0.18,1.42,False,False
SWE,2018,2018,33,0.0,0.0,0.0,0.0,True,True
SWE,2018,1999,30,0.32,0.41,0.16,0.65,False,False
TUR,2018,2018,16,0.0,0.11,0.0,0.68,False,True
