geo,imputed_pct_of_housing,housing_share,housing_share_excl_imputed,owner_pct,tenant_pct,owner_vs_tenant_rent_ratio,rank_with_imputed,rank_without_imputed
MT,45.46049759930161,15.700025127349978,9.22083512699096,82.6,17.4,0.2861685440572692,28.0,24.0
PL,22.398895884974284,20.492386873615708,16.667361779637073,87.2,12.8,0.4123848912841761,20.0,3.0
BE,45.56354311531637,26.114085712404815,16.135461309696776,72.4,27.6,0.7647628198585418,8.0,5.0
SK,55.47050757397209,29.212161041480854,15.523471096911292,93.0,7.0,0.7656938547013964,4.0,7.0
PT,55.66400683955543,16.78360143131739,8.208002901752593,77.8,22.2,0.7678243710086479,27.0,26.0
ME,49.91719112288837,10.97698432898229,5.816279427604246,91.0,9.0,0.8898146629489913,32.0,30.0
DK,38.683884468338505,29.377049481637663,20.32233287716289,59.6,40.4,0.8908564649482135,3.0,1.0
NL,50.60063891242,22.904705354304202,12.79806446495148,70.6,29.4,0.9181622357909069,14.0,13.0
LU,54.00296515937731,21.288179458248184,11.063860137116976,72.4,27.6,0.9762385784805683,19.0,18.0
LT,48.68886110725255,16.94835005297095,9.478558130119549,88.6,11.4,1.0434360256953352,26.0,23.0
HR,49.56233735509817,14.997841569208752,8.172009122599302,91.1,8.9,1.0650686463889842,29.0,28.0
RS,54.46032323431008,18.84433156853004,9.563075938028758,90.2,9.8,1.10823257541492,23.0,21.0
EL,55.99809597510293,22.486377876607506,11.319819710144099,72.8,27.2,1.1728375860700118,17.0,17.0
FI,57.545004844714164,30.314132888105615,15.58930377139433,69.5,30.5,1.200041493522739,2.0,6.0
IE,58.58076339269187,26.412213118427648,12.942218743191628,70.5,29.5,1.2426556178425512,7.0,12.0
EE,55.99973140542114,23.880844331125754,12.129775891006021,82.0,18.0,1.3198691684105017,12.0,14.0
ES,56.17721339464454,22.883637675424744,11.507593759981894,76.0,24.0,1.3795345202879947,15.0,16.0
SE,53.086092061160116,25.03448014754799,13.544723285835348,64.2,35.8,1.4240840466762648,9.0,11.0
HU,72.03408177130154,22.42798527983606,7.480769712407402,90.2,9.8,1.4685320691231747,18.0,29.0
DE,38.89949908862233,24.780677232609648,16.75635687857438,46.5,53.5,1.504606332623489,10.0,2.0
BG,49.30786326595407,18.447079586585506,10.286901001007234,85.0,15.0,1.5687733593723694,24.0,19.0
RO,45.362724089916625,23.737068423106354,14.534310243187665,94.8,5.2,1.627438236088025,13.0,9.0
CZ,60.13336365817929,32.85291267648061,16.321818011851978,77.1,22.9,1.6765854355511527,1.0,4.0
FR,53.791551591176365,27.897165455288558,15.166830082066918,63.4,36.6,1.715954511423343,5.0,8.0
LV,49.080826285872725,17.058300460689992,9.479612432312448,83.1,16.9,1.810785894670066,25.0,22.0
CY,61.607865818392135,18.850439371143235,8.18798569137782,70.5,29.5,1.937500481702251,22.0,27.0
IT,57.77320701448255,24.12297026909437,11.835877180589934,74.3,25.7,1.9684104649109506,11.0,15.0
AT,45.33697495038104,22.773778994836867,13.88216173004238,51.4,48.6,2.5019218714888884,16.0,10.0
SI,53.06215336895871,18.94404384009606,9.885642669734187,75.4,24.6,4.5949370694105705,21.0,20.0
BA,40.80531699106642,13.905742697849712,8.726634176136,,,,30.0,25.0
CH,,26.437280294883276,,42.3,57.7,,6.0,
TR,,13.609577084482968,,56.7,43.3,,31.0,
