iso3,year,source,coicop_version,food_share,essentials_share,housing_share,tier,gdp_pc,food_residual,housing_residual
ALB,2015,Eurostat,1999,29.669296349743867,43.283443773236,13.614147423492124,Moderate,12386.6003347481,2.7069425479842906,-3.3319439635213826
AUS,2015,OECD,1999,9.561175971042154,32.91884404047708,23.35766806943493,Lower,46464.5867627929,-2.551121817047722,-0.11867520421412436
AUT,2015,Eurostat,2018,10.35559048907232,31.696963468861178,21.34137297978886,Lower,49549.3162311441,-1.0347119695594458,-2.4524648109176255
BEL,2015,Eurostat,2018,12.354697239977362,36.28290316494756,23.9282059249702,Moderate,46071.914889496,0.1470712809313781,0.49378282776106275
BGR,2015,Eurostat,2018,19.441568763650206,39.32495341397114,19.883384650320927,Moderate,18896.1145714262,-2.776888174421149,0.8511838630743149
BIH,2015,Eurostat,2018,28.753959787291222,43.52305023738365,14.76909045009243,Moderate,11845.4600112171,1.2898486838519432,-1.9563551990928278
CAN,2015,OECD,1999,9.270299628858512,33.50167466280438,24.231375033945863,Lower,44668.1361640155,-3.28489148013996,0.949792301386978
CHE,2015,Eurostat,2018,8.959769521782611,34.260916811694266,25.30114728991165,Lower,66418.7989292294,0.8606866641674813,0.06000903184755657
COL,2015,OECD,1999,17.064924930893728,32.85483449461321,15.789909563719482,Lower,13332.0555048211,-9.071219034815737,-1.519504246836176
CRI,2015,OECD,1999,22.49835208976342,38.26892239786196,15.770570308098542,Moderate,17525.1404835991,-0.5661265886297109,-2.889595851077619
CYP,2015,Eurostat,2018,12.469982197644027,28.21559789401917,15.745615696375136,Lower,31380.220703125,-4.05116857408146,-5.791952364050296
CZE,2015,Eurostat,2018,15.447764283893124,44.02945361752573,28.581689333632603,Moderate,34093.0280593748,-0.14205194395894516,6.634570685881453
DEU,2015,Eurostat,2018,10.152977260307724,34.68802810005591,24.535050839748184,Lower,48567.1117562648,-1.462218553419758,0.840108989572407
DNK,2015,Eurostat,2018,11.302157770604236,41.22711299821123,29.924955227607004,Moderate,48897.2099776611,-0.2369526802316564,6.196555147771299
ESP,2015,Eurostat,2018,13.095671487002836,36.67565062301341,23.57997913601057,Moderate,35228.6333036223,-2.1261011860286594,1.4710148281475135
EST,2015,Eurostat,2018,19.92627868808352,40.83640505466319,20.91012636657967,Moderate,29712.6299473728,2.7917771389353376,-0.3577231777844787
FIN,2015,Eurostat,2018,12.145049532246505,40.17625760444045,28.031208072193937,Moderate,42257.8593791297,-1.0332025060424552,5.023613855586959
FRA,2015,Eurostat,2018,12.28415057965998,40.57729377493074,28.29314319527076,Moderate,40905.1767750994,-1.2595328140632898,5.446245934693042
GBR,2015,OECD,1999,8.643005263724747,35.23242276650705,26.589417502782304,Moderate,42772.4983791214,-4.399279019359794,3.5220320174334496
GRC,2015,Eurostat,2018,15.86354345141008,37.41764140990298,21.554097958492903,Moderate,26607.7256796976,-2.5106829812720406,0.8314124022076079
HRV,2015,Eurostat,2018,18.92231776763616,37.04806899044924,18.125751222813072,Moderate,23749.8280957224,-0.7282031227523191,-2.03568902351061
HUN,2015,Eurostat,2018,18.052663202008365,38.341747199000295,20.289083996991927,Moderate,26937.7320818864,-0.18310870225564813,-0.4944863764673464
IRL,2015,Eurostat,2018,9.499679113255128,33.69632900792316,24.196649894668028,Lower,71519.6014840656,2.2316963614763967,-1.4099612632373315
ISL,2015,Eurostat,1999,13.822410536157296,37.84780552166776,24.02539498551047,Moderate,49715.8375969779,2.4697936822074844,0.21498510303229068
ISR,2015,OECD,2018,15.773166096591632,40.78113344694508,25.00796735035344,Moderate,35796.5328359923,0.7310199387073855,2.820013011183409
ITA,2015,Eurostat,2018,14.105271670362177,38.121500710199605,24.016229039837423,Moderate,37384.3796455406,-0.4493674566226904,1.613895461602688
JPN,2015,OECD,2018,14.832003505211697,40.89519905370136,26.063195548489663,Moderate,41722.3895623635,1.5105110225034455,3.118590736202144
KOR,2015,OECD,2018,11.724207750475298,29.90917210710661,18.18496435663131,Lower,39794.1961180043,-2.128765525511529,-4.5259239329829555
LTU,2015,Eurostat,1999,22.62311662946429,38.53759765625001,15.914481026785715,Moderate,26948.5919371645,4.3918721101385465,-4.871080245832953
LUX,2015,Eurostat,2018,9.040566006546104,32.81868174254196,23.77811573599585,Lower,107859.685999308,6.387516259264974,-3.857893488258604
LVA,2015,Eurostat,2018,19.21593048308245,36.123458380754,16.907527897671553,Moderate,22543.9183164105,-1.0199094920072973,-2.9965206557429696
MEX,2015,OECD,1999,24.43538650364372,40.43990477895089,16.004518275307174,Moderate,19071.4444186548,2.3206700332201606,-3.073301961721569
MKD,2015,Eurostat,1999,31.45672349751515,55.135869285618746,23.6791457881036,Higher,15034.1775526118,6.670204256803068,5.77623998003957
MLT,2015,Eurostat,2018,14.164058892935929,27.17214726654013,13.0080883736042,Lower,38368.726998344,-0.09865320263466337,-9.522618932372579
MNE,2015,Eurostat,2018,23.275355012183848,37.29658572108786,14.021230708904014,Moderate,16091.7231229959,-0.7475987260930488,-4.217449931137576
NLD,2015,Eurostat,2018,11.204669687343792,35.498976087201896,24.294306399858105,Moderate,50956.6930942185,0.12895997317250973,0.36212772605031773
NOR,2015,Eurostat,1999,12.198695151550568,34.57371027492023,22.37501512336966,Lower,62695.3563994725,3.451585190760044,-2.581155845062213
NZL,2015,OECD,1999,13.084415535204656,38.27002081974011,25.185605284535463,Moderate,37497.1502090982,-1.436391931845165,2.768394371096374
POL,2015,Eurostat,2018,17.496368995468224,39.41744374465321,21.92107474918499,Moderate,26988.1069013509,-0.7184174410003195,1.128276101398864
PRT,2015,Eurostat,2018,17.21646871824398,36.20221167481508,18.98574295657109,Moderate,29608.0071513956,0.04234639996031575,-2.264683515303716
ROU,2015,Eurostat,2018,24.935455348003885,51.545259378593066,26.60980403058917,Higher,21624.5759002018,4.231956293602636,6.911406660049984
SRB,2015,Eurostat,2018,24.95072624100793,46.602886491494,21.65216025048607,Higher,15546.3082680414,0.540459145974129,3.583799087781987
SVK,2015,Eurostat,2018,15.29861894160619,46.04403388556395,30.745414943957748,Higher,30147.9903672541,-1.6724956731946783,9.405716658060843
SVN,2015,Eurostat,2018,14.740113282172643,34.49131858411178,19.75120530193913,Lower,31336.2043858881,-1.7968039576232968,-1.7794295181155029
SWE,2015,Eurostat,2018,12.01319612641268,37.32069234328688,25.3074962168742,Moderate,48762.7456496975,0.4431547601334245,1.5926978816207047
TUR,2015,Eurostat,2018,22.639682570736262,38.59197969452611,15.95229712378985,Moderate,25896.983315375,3.9613379372822592,-4.636653687486893
USA,2015,OECD,1999,6.755206860478477,25.25892136478944,18.50371450431096,Lower,56849.4697923159,-3.0913343523609065,-5.9689860313286545
XKX,2015,Eurostat,1999,34.17921120665945,50.42630044555272,16.24708923889327,Higher,8714.91966356132,3.2677892258951786,1.037584562573592
ALB,2016,Eurostat,1999,28.957973532044285,42.1991558005,13.24118226845571,Moderate,13055.8912586429,1.788184009826331,-3.366597642943539
AUS,2016,OECD,1999,9.580021409118496,32.976853550853775,23.39683214173528,Lower,47446.2103030951,-2.661263224832032,0.17695188302540288
AUT,2016,Eurostat,2018,10.09955619527408,31.549239410892387,21.449683215618307,Lower,52397.8635176674,-0.9932555930658786,-2.278876094220564
BEL,2016,Eurostat,2018,12.233459785242898,36.12850704635084,23.895047261107944,Moderate,48414.5518065681,0.22591825547735134,0.5716380239819081
BGR,2016,Eurostat,2018,19.6409431082642,38.79938952009497,19.158446411830766,Moderate,20745.9250164072,-2.1709923639459667,0.17757764189896363
BIH,2016,Eurostat,2018,28.169868472854954,42.97089047974868,14.801022006893728,Moderate,12899.4451443422,0.8606092899987452,-1.7449843110715086
CAN,2016,OECD,1999,9.19724776672448,33.43230762893754,24.235059862213056,Lower,46470.6925239685,-3.284386471916754,1.1216347185026976
CHE,2016,Eurostat,2018,8.987776179796688,34.66376775711968,25.67599157732299,Lower,68399.5779033573,0.978187450334266,0.5818179336292673
COL,2016,OECD,1999,18.25569783484828,34.10500994367237,15.849312108824096,Lower,14026.8399931053,-8.08419051715003,-1.1260457922608733
CRI,2016,OECD,1999,22.33286411071849,38.12878568038303,15.79592156966454,Moderate,19201.7453161516,-0.3739398129595486,-2.788594046148109
CYP,2016,Eurostat,2018,12.208634600521515,27.28487536386816,15.076240763346648,Lower,35247.0390625,-3.4712153621738704,-6.620637749735449
CZE,2016,Eurostat,2018,15.325358917489096,43.85718912470525,28.53183020721616,Moderate,36445.0485732064,0.03220153029631767,6.663678674369528
DEU,2016,Eurostat,2018,10.03780258757579,34.32962411135137,24.29182152377558,Lower,51555.3799963446,-1.2425385493019192,0.646322297975793
DNK,2016,Eurostat,2018,11.461008743230977,40.90934701936803,29.44833827613705,Moderate,51820.9521305491,0.2401103307474557,5.776510810399401
ESP,2016,Eurostat,2018,12.734504876990876,35.70721178826947,22.972706911278586,Moderate,37612.7188681342,-2.193796105279411,0.9429539870158195
EST,2016,Eurostat,2018,19.47424663389613,40.520624064971145,21.04637743107501,Moderate,31947.7769107437,2.6573801195066267,-0.14689622722600149
FIN,2016,Eurostat,2018,11.850953984287315,40.32053872053872,28.4695847362514,Moderate,44562.4011072067,-1.1157960180458133,5.571025993001143
FRA,2016,Eurostat,2018,12.316079874998575,40.62051293979663,28.30443306479805,Moderate,42880.2351355431,-1.0958500292966882,5.603052418511343
GBR,2016,OECD,1999,8.585916791517805,35.127102954987386,26.54118616346957,Moderate,44376.0697257123,-4.4293099441888995,3.6640986276828116
GRC,2016,Eurostat,2018,15.525524085488804,37.49871273110899,21.97318864562018,Moderate,27504.5497984948,-3.023855680685891,1.5472759226297264
HRV,2016,Eurostat,2018,18.737988468930176,36.36350155408452,17.62551308515434,Moderate,25802.8242312486,-0.5502921898809561,-2.473127289707719
HUN,2016,Eurostat,2018,17.439750466454452,37.76247416495549,20.322723698501047,Moderate,28178.9450366919,-0.8293793058383478,-0.22731673156720333
IRL,2016,Eurostat,2018,9.381616090331686,33.29239274016973,23.910776649838045,Lower,72940.7263991139,2.1157064202650524,-1.512785677030724
ISL,2016,Eurostat,1999,13.1092868568219,36.09084623556131,22.98155937873941,Moderate,54227.6848099073,2.4135993157967484,-0.922893323857064
ISR,2016,OECD,2018,15.501700393262272,40.29192318720665,24.790222793944384,Moderate,38087.5003075978,0.7185232158879025,2.6961919551860127
ITA,2016,Eurostat,2018,14.03871217716645,37.757008802625045,23.7182966254586,Moderate,40482.562999856,-0.03891024787243147,1.3117630372366378
JPN,2016,OECD,2018,15.180212473629007,41.01706051340665,25.83684803977764,Moderate,41462.5069772969,1.3793068233525592,3.307751670071024
KOR,2016,OECD,2018,11.85019057741452,29.858372540376514,18.008181962962,Lower,41672.6278317077,-1.892233123108003,-4.546817102505081
LTU,2016,Eurostat,1999,22.21825014133218,38.28314655315753,16.064896411825348,Moderate,28698.9887868061,4.160685717666443,-4.578850074248233
LUX,2016,Eurostat,2018,9.111977692295484,32.658881545877364,23.54690385358188,Lower,113365.176082265,6.947740444926753,-4.136279932398786
LVA,2016,Eurostat,2018,18.7814329293429,35.56215131777833,16.78071838843543,Moderate,24063.4511245109,-1.3142656967281994,-2.9603022072389464
MEX,2016,OECD,1999,24.40140654608454,40.67289737215426,16.27149082606972,Moderate,20104.5839787472,2.226172570052622,-2.5484665745537534
MKD,2016,Eurostat,1999,31.77679523208406,54.39132972088315,22.61453448879909,Higher,16457.6276361223,7.285867945003151,4.820238844718002
MLT,2016,Eurostat,2018,13.747994774008962,27.63656209171945,13.888567317710487,Lower,41000.1176833537,-0.18265614616964498,-8.583062564186202
MNE,2016,Eurostat,2018,22.77227722772277,36.2370914510806,13.464814223357822,Moderate,18030.1591692766,-0.6628743871227378,-4.797103244966108
NLD,2016,Eurostat,2018,11.154546428188926,35.1980419457062,24.04349551751728,Moderate,53162.2791598028,0.22929587545680263,0.24072035602744535
NOR,2016,Eurostat,1999,12.153695788628912,34.613291497634535,22.459595709005622,Lower,61250.1783294516,2.866859676581033,-2.0688623506290362
NZL,2016,OECD,1999,12.763493428836036,37.598528236491,24.835034807654967,Moderate,39963.6051110409,-1.4633978322441905,2.494615041950315
POL,2016,Eurostat,2018,17.8134449168006,38.787127848590686,20.973682931790087,Moderate,28359.6927346266,-0.38171321002385383,0.39087914421530456
PRT,2016,Eurostat,2018,16.966966966966968,35.59675442860357,18.6297874616366,Moderate,31589.2695609552,0.019539889107125674,-2.5056586008315698
ROU,2016,Eurostat,2018,23.056709321731635,49.92810685476313,26.87139753303149,Higher,23905.2650215388,2.88470654332345,7.164173403643964
SRB,2016,Eurostat,2018,24.56226470481548,46.16380536232387,21.601540657508394,Higher,16455.4885236331,0.06983357996807982,3.8079110899227473
SVK,2016,Eurostat,2018,15.220350479446964,45.74816026165168,30.52780978220472,Higher,29867.9803390081,-2.3753089341228417,9.679477351286778
SVN,2016,Eurostat,2018,14.588757369979689,34.213257463921764,19.624500093942075,Lower,33575.1775435757,-1.6532959859362109,-1.8233685364092906
SWE,2016,Eurostat,2018,12.146781255263548,37.54126369531079,25.394482440047245,Moderate,50176.3328538836,0.5527609156052193,1.8879173125495505
TUR,2016,Eurostat,2018,22.45800881218088,38.701514299622566,16.24350548744168,Moderate,26730.7599731835,3.578482524513234,-4.036179468885919
USA,2016,OECD,1999,6.697848181537239,25.16926594721624,18.471417765679,Lower,57976.628204291,-3.2244514407554874,-5.7755822023221555
XKX,2016,Eurostat,1999,35.751092001092005,51.26433251433251,15.513240513240516,Higher,9157.04630742908,4.477495728954281,0.723109605511139
ALB,2017,Eurostat,1999,28.33362640367298,41.483660070229725,13.150033666556746,Moderate,14110.6720568255,1.6351640630142015,-3.193202026533738
AUS,2017,OECD,1999,9.481055932426568,33.00544742527469,23.52439149284812,Lower,48564.8286592372,-3.028161990952274,0.6696227614388981
AUT,2017,Eurostat,2018,10.136255822682102,31.61937659859327,21.483120775911164,Lower,53869.8321183556,-1.1827908928503774,-1.9178249691034743
BEL,2017,Eurostat,2018,11.992854940692222,35.79498024876994,23.80212530807772,Moderate,50256.0631772784,-0.1233748417472107,0.7670118600549714
BGR,2017,Eurostat,2018,19.294626279297137,38.76565578647436,19.47102950717722,Moderate,22317.2366242463,-2.140961172619253,0.7126276003840459
BIH,2017,Eurostat,2018,27.757004598752044,42.735573710923305,14.978569112171256,Moderate,13627.0836811249,0.6582008473586249,-1.1809474027908227
CAN,2017,OECD,1999,9.078115120976667,32.99106236798388,23.912947247007217,Lower,48317.500303004,-3.489718273286906,1.0850775219156006
CHE,2017,Eurostat,2018,8.933676188630402,34.41029350351507,25.47661731488467,Lower,69317.5993921633,0.5091286089500944,0.7473678069484819
COL,2017,OECD,1999,17.485310945732753,33.47900680968667,15.99369586395392,Lower,14400.6139849314,-8.979649095841392,-0.45669549509727503
CRI,2017,OECD,1999,21.94860934032951,37.14160459136605,15.192995251036535,Moderate,20499.3442145104,-0.46241535147730417,-3.1177724035326264
CYP,2017,Eurostat,2018,11.92811573612382,26.53788882665537,14.609773090531547,Lower,37768.08984375,-3.4676432427701744,-6.920343890812646
CZE,2017,Eurostat,2018,15.289459741859517,43.838503563995616,28.5490438221361,Moderate,39346.030564257,0.36359419422335293,6.80328980529211
DEU,2017,Eurostat,2018,10.05411997413998,34.27228989770359,24.21816992356361,Lower,54142.7414864571,-1.206913513860556,0.7906015454739013
DNK,2017,Eurostat,2018,11.4697067807803,40.32536259244221,28.85565581166191,Moderate,55271.5976002659,0.445571477201824,5.319373374583726
ESP,2017,Eurostat,2018,12.272245673160915,34.7172831226506,22.44503744948968,Lower,39825.2498116292,-2.5146393769142126,0.6355044127812839
EST,2017,Eurostat,2018,19.24313430687289,40.290462404632045,21.047328097759152,Moderate,34506.6486942506,2.81056327074468,-0.006989343689451033
FIN,2017,Eurostat,2018,11.648007322912266,40.45732995352767,28.80932263061541,Moderate,47234.8528600939,-1.1799894878791957,6.100843525084915
FRA,2017,Eurostat,2018,12.240003442150444,40.30621376964636,28.06621032749591,Moderate,44469.1458856805,-1.2806716821833195,5.675605633802654
GBR,2017,OECD,1999,8.703958225263248,34.77696684945204,26.073008624188788,Lower,46440.8214149807,-4.318665657613623,3.453845099725605
GRC,2017,Eurostat,2018,15.84954463237634,37.21316072523218,21.36361609285584,Moderate,28681.6815585005,-2.7056516698351594,1.2833846662509352
HRV,2017,Eurostat,2018,18.70062402451909,35.68383513062592,16.98321110610683,Moderate,27887.4600052514,-0.17695561900729828,-2.949076588172268
HUN,2017,Eurostat,2018,17.7109105439719,37.95200386352289,20.24109331955099,Moderate,29728.0121568801,-0.43293487693184574,-0.02790960010923982
IRL,2017,Eurostat,2018,9.646211524989836,34.112707239658555,24.46649571466872,Lower,80409.4548397032,2.9257136107183594,-1.0447528461368911
ISL,2017,Eurostat,1999,12.50072045991161,35.413188312401125,22.91246785248952,Moderate,56385.0430004634,1.7055562921848857,-0.7288908713925153
ISR,2017,OECD,2018,15.576368608782415,40.62404491532305,25.04767630654064,Moderate,39350.730387912,0.6518742796951909,3.301293028925489
ITA,2017,Eurostat,2018,14.095242303401196,37.535564541872056,23.44032223847086,Moderate,42142.3435406885,-0.04241194816411209,1.3328531264036876
JPN,2017,OECD,2018,15.23280743039073,40.97316240643643,25.740354976045698,Moderate,42346.876013211,1.1507364103323656,3.607378371282632
KOR,2017,OECD,2018,11.828971839599,29.67127526047974,17.84230342088074,Lower,43155.9100867658,-2.0358383266938986,-4.390375548971214
LTU,2017,Eurostat,1999,21.61793402629308,37.09718799318961,15.479253966896527,Moderate,31305.0436934372,4.067497316797581,-5.062067923099805
LUX,2017,Eurostat,2018,8.908192726004055,32.124203000409565,23.21601027440551,Lower,114985.842235989,6.293924962641293,-4.179612993345078
LVA,2017,Eurostat,2018,18.671042692297675,34.67739834857128,16.006355656273605,Lower,25763.9907709703,-1.1157662134091026,-3.508681040983852
MEX,2017,OECD,1999,24.669864800254647,41.56231273602433,16.892447935769685,Moderate,20488.715079135,2.2528859201308684,-1.4155873045283478
MKD,2017,Eurostat,1999,31.35584124553172,52.85188085473401,21.49603960920229,Higher,17161.0354680695,6.904182360582411,4.121731753125868
MLT,2017,Eurostat,2018,13.17299974253737,27.83322479516576,14.660225052628393,Lower,45763.6968096243,-0.018243010059864062,-7.881558217553531
MNE,2017,Eurostat,2018,22.83965910217025,35.648102269348925,12.808443167178671,Moderate,19356.6672508566,-0.22982748315451929,-5.200152204777995
NLD,2017,Eurostat,2018,11.1150304806353,34.49467267234674,23.37964219171144,Lower,56037.567993606,0.24889983337036092,-0.22914957070761943
NOR,2017,Eurostat,1999,11.68750468316098,34.09636374783061,22.408859064669628,Lower,66828.7790099243,2.84318089620119,-2.127752515409618
NZL,2017,OECD,1999,12.768751196054914,37.64239922676287,24.873648030707955,Moderate,42205.9071706198,-1.3516003240953225,2.758238586939598
POL,2017,Eurostat,2018,17.82485995559641,37.95018399714492,20.12532404154852,Moderate,30170.2818974087,-0.14944918922299166,-0.22148013591317195
PRT,2017,Eurostat,2018,16.779464570982615,34.70546465628252,17.926000085299908,Lower,32970.8395386562,-0.17578579755065604,-2.888456540356618
ROU,2017,Eurostat,2018,25.234511583504737,51.03885632623245,25.804344742727714,Higher,26943.28718432,5.96151776352664,6.053515087937271
SRB,2017,Eurostat,2018,24.288680105084428,45.40186457185431,21.113184466769887,Higher,17285.4135238265,-0.08007331343854318,3.700830773451081
SVK,2017,Eurostat,2018,16.414660014242752,45.30805934914554,28.893399334902792,Higher,30245.7825869756,-1.5309558182040668,8.533427616873166
SVN,2017,Eurostat,2018,14.108671253180717,33.25722461638637,19.148553363205647,Lower,36180.0384547624,-1.780245764185338,-2.155250308832752
SWE,2017,Eurostat,2018,12.098874864200216,37.56209897195073,25.46322410775052,Moderate,51386.5907915775,0.23803577241153917,2.3109102739322935
TUR,2017,Eurostat,2018,21.738530489334792,37.59462264609796,15.856092156763172,Moderate,28353.5406410966,3.0512338226398157,-4.163517586092272
USA,2017,OECD,1999,6.673951660738908,25.015215738680613,18.3412640779417,Lower,60047.7190728307,-3.3986946227219192,-5.631662623474362
XKX,2017,Eurostat,1999,35.26786433577701,50.29565777813583,15.02779344235882,Higher,9380.94007290057,3.8825668539453986,0.8353757188097077
ALB,2018,Eurostat,1999,28.197835144355988,41.23452748583241,13.036692341476428,Moderate,15055.3473824585,2.5982814298529995,-2.8964429672948704
AUS,2018,OECD,1999,9.5497393247503,33.2161692137537,23.666429889003403,Lower,50371.233830782,-2.994652631242081,0.9874657575186347
AUT,2018,Eurostat,2018,10.075511177578454,31.55391032650991,21.47839914893145,Lower,56636.4953030542,-1.2015823150981735,-1.8554001089923204
BEL,2018,Eurostat,2018,11.879098002253206,35.61936780253087,23.740269800277662,Moderate,52466.7330784599,-0.2246863369826375,0.8336360607403002
BGR,2018,Eurostat,2018,19.210773779435726,39.155764022828485,19.94499024339276,Moderate,23997.7941525242,-1.348822779380498,1.4076215382861648
BIH,2018,Eurostat,2018,27.1800508398394,42.19442272608809,15.014371886248693,Moderate,14858.6247595644,1.4383152176799463,-0.8452955614206807
CAN,2018,OECD,1999,9.037087488228796,32.87527559407611,23.838188105847312,Lower,49982.6446255492,-3.591022034234509,1.2024822949650336
CHE,2018,Eurostat,2018,9.003673041193592,34.50282064946266,25.49914760826907,Lower,72169.4717767024,0.3465426625808856,0.8115679057807483
CHL,2018,OECD,1999,17.894738543199555,32.37900340364202,14.484264860442458,Lower,25305.0903462611,-2.0914532017110155,-4.349392070905829
COL,2018,OECD,1999,17.666106402077197,33.873265740121575,16.207159338044374,Lower,15239.4049488277,-7.802091447781244,0.20615017262216284
CRI,2018,OECD,1999,21.502686046787044,36.70615158254017,15.20346553575312,Moderate,21548.8700973441,-0.2204888471544315,-2.732662034562024
CYP,2018,Eurostat,2018,11.367972097146124,26.85713918668063,15.489167089534504,Lower,40262.48828125,-3.5978722679084694,-5.9385905263946555
CZE,2018,Eurostat,2018,14.850572207004738,44.11467475328842,29.26410254628368,Moderate,41638.1831076596,0.2479173936522372,7.648678581112755
DEU,2018,Eurostat,2018,10.12979157047915,34.33628034704266,24.20648877656351,Lower,56320.6026829454,-1.2077642607390473,0.9039314590742578
DNK,2018,Eurostat,2018,11.317891155037774,39.9950547676428,28.677163612605018,Moderate,57233.6231685618,0.15417321096257197,5.284781239611998
ESP,2018,Eurostat,2018,12.405943110785554,34.755472587182844,22.34952947639729,Lower,41015.1565755187,-2.3596834100807094,0.8183158229918597
EST,2018,Eurostat,2018,18.855802873520435,39.94416734906574,21.0883644755453,Moderate,37120.9879761677,3.0117745902299227,0.11437974246972615
FIN,2018,Eurostat,2018,11.559689551012724,40.48929087906352,28.9296013280508,Moderate,49248.6775395866,-1.2283365839787876,6.376527208294085
FRA,2018,Eurostat,2018,12.057452244344448,39.98886701660181,27.931414772257355,Moderate,46381.0590629457,-1.3790836088232492,5.7134368872011265
GBR,2018,OECD,1999,8.751724665114121,34.61137041530466,25.85964575019053,Lower,47636.0128366551,-4.396205652001957,3.492540372154558
GRC,2018,Eurostat,2018,15.473908655188769,36.102757232081146,20.628848576892377,Moderate,29792.0592519585,-2.747689727581484,0.8833956078630472
HRV,2018,Eurostat,2018,18.31980423229089,34.93310910600132,16.613304873710426,Lower,29789.4340021154,0.09725323518520312,-3.131655862946765
HUN,2018,Eurostat,2018,17.377312712395003,37.86026614371915,20.482953431324148,Moderate,32258.2577892511,0.015461438274805062,0.29325419916481366
IRL,2018,Eurostat,2018,9.500584436561372,34.66946978814557,25.1688853515842,Lower,86368.9782047908,2.7850633484941802,-0.5219575932053289
ISL,2018,Eurostat,1999,12.417049675586338,35.385957650750846,22.968907975164505,Moderate,58105.5882495515,1.416782980811771,-0.5079324971639707
ISR,2018,OECD,2018,15.44191710850833,40.63832552352943,25.196408415021104,Moderate,40101.487265134,0.43275900797875444,3.791031758484962
ITA,2018,Eurostat,2018,13.96845549478866,37.30502274699896,23.3365672522103,Moderate,43583.3823241172,-0.14063032261926978,1.466107614526912
JPN,2018,OECD,2018,15.273207288021688,40.94197960882398,25.668772320802287,Moderate,43090.0699981402,1.041066711141788,3.861897214553526
KOR,2018,OECD,2018,11.636391922165052,29.299100207755107,17.662708285590057,Lower,45511.0803506331,-2.004836036766955,-4.449501633324616
LTU,2018,Eurostat,1999,20.722056282760843,36.14161468857068,15.419558405809832,Moderate,36491.9385223689,4.69327175223037,-5.458959565469767
LUX,2018,Eurostat,2018,8.733764370564492,31.335960364978867,22.60219599441437,Lower,116638.414163882,5.2661251567932705,-4.766883924046642
LVA,2018,Eurostat,2018,18.93032042699144,34.93883090919096,16.00851048219952,Lower,29817.8047263182,0.7180597599622267,-3.7417674467306767
MEX,2018,OECD,1999,24.31895498824712,41.20317412593775,16.884219137690625,Moderate,20921.4775294879,2.2763741435226663,-0.8868658304113772
MKD,2018,Eurostat,1999,30.867514766015447,53.05620172648796,22.18868696047252,Higher,18460.5440872584,7.472157704032654,5.116604958849553
MLT,2018,Eurostat,2018,12.383426131889085,26.2907749485348,13.907348816645712,Lower,48178.5049931669,-0.6420920028869652,-8.523009062060527
MNE,2018,Eurostat,2018,21.32196162046909,33.693385505752246,12.37142388528316,Lower,21083.6815338423,-0.6371322058492055,-5.442800275232113
NLD,2018,Eurostat,2018,10.869902800943231,34.180709725657096,23.310806924713862,Lower,58819.2609142584,0.001600112607130555,-0.23422164169265258
NOR,2018,Eurostat,1999,11.597853179295916,34.44337305558082,22.845519876284907,Lower,72618.1053391628,3.0077143009956497,-1.8766754979234328
NZL,2018,OECD,1999,12.44988692992844,37.3162184055885,24.866331475660058,Moderate,42475.2252680795,-1.9376114715198156,3.139732455620962
POL,2018,Eurostat,2018,17.390790157657417,36.87108663936288,19.480296481705462,Moderate,32345.1066076225,0.0580036538117632,-0.7244210220517466
PRT,2018,Eurostat,2018,16.46944553278253,34.07133360309844,17.60188807031592,Lower,34896.7993382974,-0.0425079586693613,-3.0269681071755237
ROU,2018,Eurostat,2018,25.498972646044106,50.01100070479092,24.51202805874681,Higher,29382.8866943611,7.127876943976414,4.843822951068393
SRB,2018,Eurostat,2018,23.580382605183445,44.293050453028016,20.71266784784457,Moderate,18469.1042989985,0.19003703699677033,3.637996320337507
SVK,2018,Eurostat,2018,16.599841100604724,44.855529163802224,28.2556880631975,Moderate,31509.8187291635,-1.0157747076041623,8.197113373185037
SVN,2018,Eurostat,2018,13.910804851605358,32.68742716298032,18.77662231137496,Lower,38620.2045436305,-1.5052204274696859,-2.4185190075362932
SWE,2018,Eurostat,2018,12.2896679532091,37.92257905179625,25.63291109858716,Moderate,52962.1832555021,0.28748538941635715,2.6737779570583875
TUR,2018,Eurostat,2018,21.857621734491577,37.57364147165041,15.716019737158833,Moderate,28640.3401839802,3.209829734387373,-3.80921158766194
USA,2018,OECD,1999,6.570695082410409,24.921120384162105,18.35042530175169,Lower,62875.6661382728,-3.5766866774918222,-5.5671156293335855
ALB,2019,Eurostat,1999,27.94526457340402,40.85627859790674,12.911014024502718,Moderate,16442.0254754945,2.576401457857063,-2.860476185483771
AUS,2019,OECD,1999,10.30438119952814,35.16736989076469,24.862988691236545,Moderate,52885.8313816377,-2.329441471358278,2.075406019411176
AUT,2019,Eurostat,2018,10.013218185626991,31.76942724146104,21.75620905583405,Lower,60354.9279422121,-1.180565897480312,-1.824731432511662
BEL,2019,Eurostat,2018,11.80053465865883,35.55148523142541,23.750950572766584,Moderate,56712.469571978,-0.07179135322261132,0.5438379440339745
BGR,2019,Eurostat,2018,18.57241839053913,38.456572061455766,19.884153670916643,Moderate,26765.556194772,-1.4848832078514924,1.1863746216403719
BIH,2019,Eurostat,2018,27.24959736523045,41.91599862470821,14.666401259477752,Moderate,16428.7132755213,1.8719051129411426,-1.100224730405806
CAN,2019,OECD,1999,9.082405400307367,33.321557010287925,24.23915160998055,Lower,50499.0822425462,-4.05480732284377,1.7289006958678108
CHE,2019,Eurostat,2018,9.093128181040864,34.91399471611965,25.820866535078785,Lower,75267.0079269626,0.3061747922074112,0.9139352291619076
CHL,2019,OECD,1999,18.022640131017106,33.049740365474754,15.027100234457649,Lower,25613.9095717623,-2.514070288199413,-3.406558992934116
COL,2019,OECD,1999,18.07498304952601,34.12537642582375,16.050393376297738,Lower,16181.5908990662,-7.467921886771904,0.37478770722980315
CRI,2019,OECD,1999,21.5000203037082,36.62843659924814,15.128416295539948,Moderate,23461.2875330597,0.006419159590553392,-2.7780648807921384
CYP,2019,Eurostat,2018,11.398639135100266,27.698004602378106,16.299365467277838,Lower,44393.72265625,-3.143184886839281,-5.43704552162486
CZE,2019,Eurostat,2018,14.7263063502921,44.23243924680856,29.50613289651646,Moderate,45614.0171132532,0.4800719931615536,7.606873236023294
DEU,2019,Eurostat,2018,10.099463533265642,34.37454176223374,24.2750782289681,Lower,59310.9693966204,-1.2845166995926078,0.7989221563717521
DNK,2019,Eurostat,2018,11.299609446821764,39.94598402050394,28.64637457368218,Moderate,60594.966400191,0.14909206210600878,5.04159724259123
ESP,2019,Eurostat,2018,12.411082896241457,34.83845943232637,22.427376536084907,Lower,44042.757577336,-2.217260344211109,0.738631421464369
EST,2019,Eurostat,2018,18.60515577207092,40.02337805962106,21.418222287550133,Moderate,40586.3784378888,3.0859289287545586,0.22029004137629116
FIN,2019,Eurostat,2018,11.387795606687522,40.66000605510142,29.272210448413897,Moderate,52276.1115723992,-1.3724292026188145,6.554266274745007
FRA,2019,Eurostat,2018,12.031515820419743,40.01345076156597,27.981934941146225,Moderate,51130.4723140578,-0.9702524679796891,5.397063873152629
GBR,2019,OECD,1999,8.53316384704451,34.37768960175136,25.844525754706847,Lower,50493.9441896153,-4.6051580127117795,3.334885895188581
GRC,2019,Eurostat,2018,15.533541758321944,36.33197524120836,20.79843348288641,Moderate,31927.3792151369,-2.601471237165571,1.0416115012445815
HRV,2019,Eurostat,2018,18.08210894844753,34.22950769691997,16.14739874847243,Lower,33063.9987060793,0.3284088448751312,-3.819499244956962
HUN,2019,Eurostat,2018,17.103140351464667,38.05009961714165,20.946959265676977,Moderate,35627.2315520858,0.16333137293599265,0.5316657283157973
IRL,2019,Eurostat,2018,9.613392202882755,34.9011443559488,25.287752153066045,Lower,92042.2566065385,3.019690821967478,-0.8275034566907635
ISL,2019,Eurostat,1999,12.243461793381115,35.76512439634131,23.521662602960195,Moderate,61270.1315624391,1.2137294014940352,-0.1496585825748049
ISR,2019,OECD,2018,15.646923593946886,41.12554632459721,25.47862273065033,Moderate,41176.910821106,0.2851569389754669,4.193941231870085
ITA,2019,Eurostat,2018,14.014859752908489,37.36090590256854,23.34604614966005,Moderate,46661.9105159611,0.016210896458712654,1.3103846636261416
JPN,2019,OECD,2018,15.367453730346115,41.41806553740478,26.05061180705866,Moderate,43743.5313931194,0.66479960426277,4.4028066522892395
KOR,2019,OECD,2018,11.532307941567312,29.018337718744792,17.486029777177478,Lower,46511.2196957018,-2.5016002680222282,-4.530206338136317
LTU,2019,Eurostat,1999,20.144889099817146,35.39139598833071,15.246506888513562,Moderate,40563.8304884555,4.619604730705216,-5.948088096090007
LUX,2019,Eurostat,2018,8.60679571321758,30.796248603841857,22.18945289062428,Lower,121371.73990307,5.028294704508696,-5.586961526935191
LVA,2019,Eurostat,2018,18.96248274063846,34.963762748223694,16.00128000758523,Lower,32199.0960377091,0.919845842030977,-3.8064345675894202
MEX,2019,OECD,1999,24.654009447379902,41.35125632015117,16.697246872771263,Moderate,20964.2774863762,1.933751288846775,-0.5334344056727396
MKD,2019,Eurostat,1999,30.45706241812956,52.098294488096606,21.64123206996705,Higher,20222.4719203634,7.344107436319753,4.626898531724745
MLT,2019,Eurostat,2018,11.798827047213274,26.356788111340684,14.557961064127408,Lower,51392.5014263659,-1.1472217492618508,-8.057607441300046
MNE,2019,Eurostat,2018,20.37020537265559,32.38740143449014,12.017196061834545,Lower,23705.3800229705,-1.0105719118694338,-5.951442956417496
NLD,2019,Eurostat,2018,10.970812463986524,34.304773724568946,23.33396126058242,Lower,62345.2538465433,0.13069570428880262,-0.4418245172270616
NOR,2019,Eurostat,1999,11.41749964803604,34.374067295508944,22.95656764747289,Lower,73630.0721860814,2.3908612907768383,-1.8183144586400708
NZL,2019,OECD,1999,12.331260234480094,37.60378174185944,25.27252150737934,Moderate,45295.8241222088,-1.9912802361789836,3.4153010339815175
POL,2019,Eurostat,2018,17.38879847323079,36.994932645881306,19.60613417265052,Moderate,35882.3655065553,0.5267723038062933,-0.8520121049895764
PRT,2019,Eurostat,2018,16.202049618687482,33.584542169339976,17.382492550652493,Lower,37865.5603564295,-0.07357089969384845,-3.398721116191588
ROU,2019,Eurostat,2018,25.13429731693353,49.876995208463306,24.74269789152978,Higher,33425.1219389628,7.499006826474318,4.710564707243883
SRB,2019,Eurostat,2018,22.99369456167509,43.43376738227413,20.44007282059905,Moderate,20587.2567440786,0.0756174268586598,3.31837558773708
SVK,2019,Eurostat,2018,16.87385379782312,45.25748168517842,28.383627887355303,Higher,33985.6758419661,-0.5801458884373396,8.251616493002722
SVN,2019,Eurostat,2018,13.861363549944866,32.21567359975664,18.35431004981178,Lower,42373.2506369279,-1.1882161166864513,-3.102364053553835
SWE,2019,Eurostat,2018,12.19077455142606,38.02754203174915,25.836767480323093,Moderate,56909.753155728,0.35630203203804456,2.608800296436822
TUR,2019,Eurostat,2018,21.759631015799734,37.86310191592197,16.10347090012224,Moderate,29016.4555653445,2.582517814500271,-3.079228727511399
USA,2019,OECD,1999,6.563068430101766,24.992967066771136,18.429898636669368,Lower,65227.9565911038,-3.7843374397396863,-5.617335447504619
ALB,2020,Eurostat,1999,31.496184122944072,45.70657679441739,14.21039267147331,Higher,16287.6136733864,3.359484892173924,-3.2543148669854656
AUS,2020,OECD,1999,10.45648325614836,35.49801671850919,25.041533462360828,Moderate,54184.1614486854,-3.4806306581090922,-0.04983431231685742
AUT,2020,Eurostat,2018,11.752671375844956,36.2509078265012,24.49823645065624,Moderate,58523.0337816246,-1.2744308270960953,-1.0819026492741024
BEL,2020,Eurostat,2018,13.025427893104572,38.3255245504175,25.300096657312928,Moderate,56120.0958420466,-0.4969707472871132,-0.014016529856945681
BGR,2020,Eurostat,2018,20.77523364227723,40.81568926544305,20.040455623165816,Moderate,27351.8659900682,-1.2376067389402863,-0.7134036573362614
BIH,2020,Eurostat,2018,29.865926232129347,45.75823044465069,15.892304212521353,Higher,16369.9392465531,1.7887876083924752,-1.6043935920741035
CAN,2020,OECD,1999,10.52399368645037,37.084533675656445,26.56053998920608,Moderate,48590.748859725,-4.700261333575396,2.160501409779638
CHE,2020,Eurostat,2018,10.20388728724687,37.56998983537647,27.3661025481296,Moderate,74384.6631232325,0.00999941764915313,0.2642314669372787
CHL,2020,OECD,1999,20.477479509535016,37.38318323723519,16.905703727700175,Moderate,25357.0056990873,-2.429990597312681,-3.3676459602669304
COL,2020,OECD,1999,21.381402183937045,38.40234215203749,17.02093996810044,Moderate,15519.2101694656,-7.32619779897983,-0.13713424493569093
CRI,2020,OECD,1999,22.85033679004141,39.46370925331307,16.613372463271663,Moderate,22245.4328793441,-1.6037315979203584,-2.8292924301007467
CYP,2020,Eurostat,2018,14.063379238856804,34.31289797127203,20.249518732415225,Lower,42569.06640625,-2.723859143114659,-3.3110345528483762
CZE,2020,Eurostat,2018,16.19419086711547,49.55498414462824,33.360793277512755,Higher,44839.4822099455,0.020794009133812352,9.470542987864881
DEU,2020,Eurostat,2018,11.437466641910625,37.740258273824736,26.302791631914108,Moderate,58704.5861986404,-1.553044120580573,0.7029991070671535
DNK,2020,Eurostat,2018,12.261137927148347,42.16052356372415,29.899385636575804,Moderate,62682.2899474389,0.045130498097556426,3.8836039370943034
ESP,2020,Eurostat,2018,15.659284714267532,41.833874252259136,26.1745895379916,Moderate,39327.8479269599,-2.063520338060652,3.1165332597950766
EST,2020,Eurostat,2018,20.42634216804185,42.30519504205788,21.87885287401604,Moderate,40672.1340402132,3.100591298708359,-1.392462966454346
FIN,2020,Eurostat,2018,12.659672725371626,43.743791715316384,31.08411898994476,Moderate,53296.5792798852,-1.4725580776299925,6.097549361384022
FRA,2020,Eurostat,2018,13.617411771581208,43.78228383527303,30.16487206369182,Moderate,49481.8044309655,-1.3921707898969746,5.649531954895206
GBR,2020,OECD,1999,10.147425137291473,39.70307740130556,29.555652264014093,Moderate,48719.8339897935,-5.045488116339589,5.138779882883782
GRC,2020,Eurostat,2018,19.0575828102358,44.6294069561348,25.571824145899008,Moderate,29533.087740299,-2.0488522110395735,4.3311305274583844
HRV,2020,Eurostat,2018,20.78664089697872,40.2406380719918,19.45399717501308,Moderate,31594.0082486835,0.47709736278082104,-2.214710394652414
HUN,2020,Eurostat,2018,18.545573156283453,41.02185969789221,22.476286541608754,Moderate,35583.5855675637,-0.35914973374197245,0.05304357480949662
IRL,2020,Eurostat,2018,11.135126472279405,39.45952443087744,28.32439795859805,Moderate,97677.4943055886,4.159477596691824,-0.5060035563473946
ISL,2020,Eurostat,1999,13.676271492372836,40.39787419607604,26.7216027037032,Moderate,56840.7423583166,0.30460550696712296,1.3265303391731145
ISR,2020,OECD,2018,17.398567156820032,46.20601986015252,28.807452703332487,Higher,40969.2987342816,0.15881571926078308,5.489946186724019
ITA,2020,Eurostat,2018,16.174690513630978,42.27292786385256,26.09823735022157,Moderate,44435.6434393527,-0.10558416140708005,2.265391610024178
JPN,2020,OECD,2018,17.16737045298407,45.17103685297136,28.00366639998728,Higher,43560.021428549,0.6519826932525739,4.297100940099263
KOR,2020,OECD,2018,12.94712337295098,31.41731422136731,18.47019084841633,Lower,47881.4921344193,-2.450838115950294,-5.8365492163410835
LTU,2020,Eurostat,1999,21.80138518761312,37.85930085077881,16.057915663165694,Moderate,41262.7276941725,4.6459421595913,-7.304873274039252
LUX,2020,Eurostat,2018,10.31296791772012,34.499619529198064,24.186651611477945,Lower,122066.739147202,5.9705007626231374,-6.0580434813968544
LVA,2020,Eurostat,2018,21.033056566221976,38.26040986410425,17.227353297882267,Moderate,32741.4207691987,1.1449401792213116,-4.667704661203018
MEX,2020,OECD,1999,27.94846279369658,46.07133584630472,18.122873052608146,Higher,19354.1248682138,1.8495928682860416,-0.43636164174680303
MKD,2020,Eurostat,1999,32.587009537253245,55.17274503547579,22.585735498222547,Higher,19962.153035286,6.8535601902439325,3.830231790888199
MLT,2020,Eurostat,2018,15.489033015024606,33.611446077632564,18.122413062607954,Lower,49971.8904481582,0.5958796703738507,-6.45546169480825
MNE,2020,Eurostat,2018,28.460107001628288,44.74005582693649,16.27994882530821,Moderate,20624.7887553398,3.1124327414204487,-2.6827563917217248
NLD,2020,Eurostat,2018,12.671459572092166,38.00085190152479,25.329392329432626,Moderate,62596.6302027524,0.4392971820510265,-0.6777124688678562
NOR,2020,Eurostat,1999,13.403218540251713,36.420927924999575,23.01770938474786,Moderate,69779.2862630574,2.4543021205086273,-3.6786325142712784
NZL,2020,OECD,1999,13.118141376283656,40.07908293466188,26.960941558378227,Moderate,45574.965884882,-2.863056158957253,2.967460160250706
POL,2020,Eurostat,2018,19.137247397196443,39.99720128650051,20.85995388930408,Moderate,37089.3004256812,0.7221224186564079,-1.826254286691757
PRT,2020,Eurostat,2018,18.79045621766003,39.00090932729782,20.21045310963779,Moderate,35966.712796561,0.012248552548292935,-2.2807417454467895
ROU,2020,Eurostat,2018,25.197923165952385,50.697442038501215,25.499518872548823,Higher,34193.845654499,5.822566535007507,3.329055374845705
SRB,2020,Eurostat,2018,24.02720699721604,45.19354973822443,21.166342741008386,Higher,21013.0562995823,-1.1001429097060083,2.0853003368831793
SVK,2020,Eurostat,2018,19.81842406370708,49.79477196458329,29.97634790087621,Higher,35327.9439165588,0.8285239041548884,7.598854023226348
SVN,2020,Eurostat,2018,15.80671545782178,36.743318196147264,20.93660273832548,Moderate,41767.2579899957,-1.2051572385443894,-2.5032984606203463
SWE,2020,Eurostat,2018,13.166289079784695,40.16955488981495,27.003265810030253,Moderate,57396.2588780383,-0.09048202476346923,1.5464828955334333
TUR,2020,Eurostat,2018,24.260105171711803,41.229832389002496,16.969727217290696,Moderate,29209.3308866883,3.0234498731016437,-4.2010245127805845
USA,2020,OECD,1999,7.35626003618476,27.03077157825136,19.6745115420666,Lower,64465.2971415748,-4.52840232194247,-6.519237064233028
ALB,2021,Eurostat,1999,28.897123002092385,41.77932725488888,12.882204252796498,Moderate,18212.794718288,2.6473189390083007,-3.8876477897949897
AUS,2021,OECD,1999,10.267739532319435,34.4190805853073,24.151341052987863,Lower,58327.4146842325,-3.371555888360664,0.09475799376752647
AUT,2021,Eurostat,2018,11.138085899918533,35.73708041807738,24.598994518158857,Moderate,62968.8538770186,-1.671652199397105,0.06306829879571652
BEL,2021,Eurostat,2018,12.206620528641707,37.40023346952388,25.193612940882183,Moderate,60669.2137746534,-1.0061934647048218,0.8905960911866515
BGR,2021,Eurostat,2018,19.83450804838556,38.99561863034575,19.161110581960187,Moderate,30958.9830238332,-0.6673025552095595,-0.930104889525758
BIH,2021,Eurostat,2018,28.62842910363513,43.45542165274329,14.826992549108152,Moderate,18286.6614977175,2.422477346470888,-1.968198674222041
CAN,2021,OECD,1999,9.80977402536594,35.18901824965347,25.37924422428753,Moderate,56995.0952020711,-4.079868566200986,1.4673192868571512
CHE,2021,Eurostat,2018,10.135753082083603,37.61863926479292,27.482886182709315,Moderate,83524.9832880195,0.3867524981394368,1.1783738087780904
CHL,2021,OECD,1999,19.65258190819544,35.078134555721064,15.425552647525626,Moderate,29106.6356522053,-1.5176700074058012,-4.279417337825622
COL,2021,OECD,1999,21.470989769084323,36.50685300405818,15.035863234973853,Moderate,17383.0901728295,-5.283977159872652,-1.442090516471204
CRI,2021,OECD,1999,22.26873968435228,37.880480478011584,15.61174079365931,Moderate,24083.5988182437,-0.9539006899859892,-2.907297437110527
CYP,2021,Eurostat,2018,12.530280534500276,32.09411059883827,19.563830064338,Lower,47632.5703125,-3.303552293161859,-3.2246833044309255
CZE,2021,Eurostat,2018,15.031550424877253,48.75296514471123,33.72141471983399,Higher,47796.0337408466,-0.7651655171143545,10.911454098640483
DEU,2021,Eurostat,2018,11.301011741504604,37.64341290819751,26.34240116669291,Moderate,62630.7748127737,-1.5670520690159915,1.8401772967714933
DNK,2021,Eurostat,2018,12.04461695755571,41.21426170566007,29.16964474810436,Moderate,69327.998216527,0.27722761520789874,4.031418079732994
ESP,2021,Eurostat,2018,14.014401970463172,38.878566183391605,24.86416421292844,Moderate,44251.6658222621,-2.6170895014519964,2.5365619896636993
EST,2021,Eurostat,2018,19.243640356610623,41.40500405239352,22.161363695782896,Moderate,44247.4198971873,2.6111092934476225,-0.1656378204045197
FIN,2021,Eurostat,2018,12.34630048358613,43.02183564673456,30.675535163148425,Moderate,56790.3766177692,-1.5823273285444834,6.786137058213633
FRA,2021,Eurostat,2018,12.772226221363606,42.32011592414396,29.547889702780367,Moderate,52517.3354905855,-2.0038957484387545,6.148199201260788
GBR,2021,OECD,1999,9.446764170221329,37.21320607122534,27.76644190100401,Moderate,51840.4424245515,-5.469907655557208,4.447965331766316
GRC,2021,Eurostat,2018,17.36586516750934,41.954615025686,24.58874985817665,Moderate,33528.2271202515,-2.2721899945120896,3.998430524556799
HRV,2021,Eurostat,2018,19.035088567918194,35.39330734180154,16.358218773883348,Moderate,36930.076102199,0.4440407508078579,-4.837092880914408
HUN,2021,Eurostat,2018,17.74011619367368,40.17076827733997,22.43065208366629,Moderate,38887.1909527154,-0.291465557934508,0.9120641164018295
IRL,2021,Eurostat,2018,10.604372489545174,37.31157781905708,26.7072053295119,Moderate,116702.85817485,4.479270511038198,-1.6913046077343665
ISL,2021,Eurostat,1999,12.926330018149738,37.65421340045699,24.72788338230725,Moderate,62720.7916832797,0.07382669844178835,0.21666819298281226
ISR,2021,OECD,2018,16.417464605025426,43.09826275426814,26.68079814924271,Moderate,46151.100820403,0.24131303076978483,4.090086843745752
ITA,2021,Eurostat,2018,15.145468705373496,40.20016890560776,25.05470020023425,Moderate,49825.3934111848,-0.20073611585420537,1.984420709271454
JPN,2021,OECD,2018,16.83476374235621,44.93465038918836,28.09988664683215,Moderate,45999.4617966896,0.6229553609062535,5.529778916520339
KOR,2021,OECD,2018,13.117049483719931,31.002358475215186,17.88530899149525,Lower,51718.2518656631,-1.8251893766401466,-5.418394176512457
LTU,2021,Eurostat,1999,20.331483354921662,36.36263358766597,16.031150232744302,Moderate,45897.3715026327,4.0956029188954695,-6.525047940729735
LUX,2021,Eurostat,2018,9.640452470175532,31.771710603627245,22.13125813345172,Lower,136772.443753292,5.234611637886999,-7.260692582044282
LVA,2021,Eurostat,2018,21.056607202694337,38.35568201825379,17.299074815559457,Moderate,36912.0130602161,2.4602588958617986,-3.8931740569225752
MEX,2021,OECD,1999,26.450559292233887,44.78544936717929,18.3348900749454,Moderate,20782.5877440905,1.6307811352995678,0.738726071400535
MKD,2021,Eurostat,1999,30.527038035757275,53.4213426820509,22.89430464629362,Higher,22144.1924252732,6.394799145320778,4.900859784346771
MLT,2021,Eurostat,2018,14.11607244560884,32.10502335117895,17.98895090557011,Lower,56823.9958525022,0.19385648761752705,-5.904152161452718
MNE,2021,Eurostat,2018,23.29618167857226,36.83830886288015,13.542127184307889,Moderate,23689.9791090651,-0.10499558672388076,-4.873747063323263
NLD,2021,Eurostat,2018,11.98161093133879,36.38089515093341,24.399284219594623,Moderate,68573.5648786447,0.09567608499292923,-0.6704432926079029
NOR,2021,Eurostat,1999,12.56047065352691,36.2023015835963,23.64183093006939,Moderate,92205.7698636049,3.8827278954005386,-3.2816864219754436
NZL,2021,OECD,1999,12.870161424451048,39.103702640681846,26.2335412162308,Moderate,48202.0913368233,-2.834899435534574,3.370619533130654
POL,2021,Eurostat,2018,18.628077639700454,39.495999618022125,20.867921978321675,Moderate,41059.5847829682,1.1854393488847599,-0.9909752266183247
PRT,2021,Eurostat,2018,18.355212910362184,37.27417222879847,18.918959318436286,Moderate,38657.6677223429,0.2594948473509078,-2.562568759901751
ROU,2021,Eurostat,2018,25.061689184923868,50.05126764579224,24.98957846086837,Higher,37534.0002643549,6.646382812819784,3.6927181156452242
SRB,2021,Eurostat,2018,22.74596464901909,43.056045358431234,20.310080709412144,Moderate,23406.3065657117,-0.7857289812087593,1.9696227412899425
SVK,2021,Eurostat,2018,19.65520557564629,49.75367938582246,30.09847381017617,Higher,38330.302743447,1.4673490342501445,8.670186114705363
SVN,2021,Eurostat,2018,14.035197779934537,33.44896174298757,19.41376396305304,Lower,45922.6632600134,-2.1947140813416848,-3.1458830323511044
SWE,2021,Eurostat,2018,12.666227742387036,39.08379217020094,26.417564427813904,Moderate,62190.8526983825,-0.27820501882237636,1.9594688335609582
TUR,2021,Eurostat,2018,23.501109033627102,38.27271651140519,14.77160747777809,Moderate,32105.5474400506,3.393292987344438,-5.547269893997729
USA,2021,OECD,1999,6.944745794499073,25.248778965751296,18.30403317125222,Lower,71441.231980595,-4.497330483165638,-7.022169166123476
ALB,2022,Eurostat,1999,28.585705542909068,40.22194361685436,11.636238073945291,Moderate,22138.4966146921,3.1659228073006886,-4.98902425391473
AUS,2022,OECD,1999,9.817175544963415,32.53282990812695,22.71565436316353,Lower,66103.1797066957,-3.3056325166931124,-0.4085404841416178
AUT,2022,Eurostat,2018,10.19869748906887,32.97247648390574,22.773778994836867,Lower,72286.6352565355,-1.9188758193530262,-0.8816808994160894
BEL,2022,Eurostat,2018,10.986080328864116,37.100166041268935,26.11408571240481,Moderate,68878.9167847285,-1.6743312712436484,2.7455150344165915
BGR,2022,Eurostat,2018,20.760529614112635,39.20760920069814,18.447079586585502,Moderate,36320.2814407535,0.9059042643197799,-1.1193600039323783
BIH,2022,Eurostat,2018,28.481536827322973,42.38727952517269,13.905742697849712,Moderate,21651.3043527017,2.8116064299939048,-2.5873169690693754
CAN,2022,OECD,1999,9.43556650317625,33.70655565200167,24.27098914882541,Lower,64217.0443455227,-4.012660241308875,1.3187775832903448
CHE,2022,Eurostat,2018,9.05047242454884,35.48775271943212,26.43728029488328,Moderate,94629.7224204886,-0.039423115420166965,1.1816972785196782
CHL,2022,OECD,1999,20.01050199781001,35.0848045914477,15.074302593637686,Moderate,30918.9258262719,-1.6540796585477864,-3.535577825913837
COL,2022,OECD,1999,22.794285393720664,35.97696205845504,13.182676664734371,Moderate,20854.002999162,-3.297420553997206,-3.087475261621913
CYP,2022,Eurostat,2018,12.113233466343951,30.963672837487188,18.850439371143235,Lower,55876.3828125,-2.8989765851625915,-3.275209381718799
CZE,2022,Eurostat,2018,14.614509343168846,47.467422019649455,32.85291267648061,Higher,52946.9660854462,-1.0030626607953241,11.047196800051616
DEU,2022,Eurostat,2018,10.96859054714949,35.74926777975914,24.780677232609648,Moderate,69669.6495435563,-1.563504250884689,1.3442913187688532
DNK,2022,Eurostat,2018,11.96633065369746,41.34338013533512,29.377049481637663,Moderate,78554.1217617983,0.7834652917712841,5.227597851146335
ESP,2022,Eurostat,2018,12.948633612398533,35.83227128782328,22.883637675424744,Moderate,51482.523634807,-2.984241855007843,1.2445592026165642
EST,2022,Eurostat,2018,18.449565166263103,42.33040949738886,23.88084433112576,Moderate,48029.83322897,1.7363097459945642,2.6541954832985972
FIN,2022,Eurostat,2018,12.212070618062642,42.52620350616826,30.31413288810561,Moderate,62133.1375219912,-1.6070015518934877,7.557912569131865
FRA,2022,Eurostat,2018,12.26685758501986,40.16402304030843,27.89716545528856,Moderate,57012.0586826676,-2.5191638783277206,5.651976375631566
GBR,2022,OECD,1999,8.993726783106036,35.14368160428535,26.14995482117931,Moderate,60266.7467325014,-5.168197124682001,3.5749311271822712
GRC,2022,Eurostat,2018,16.37596747590895,38.862345352516456,22.486377876607506,Moderate,39447.813910406,-2.5500905143102557,2.4291918407536386
HRV,2022,Eurostat,2018,18.10854442917883,33.10638599838759,14.997841569208752,Lower,42125.1926231817,-0.0793196169978394,-5.449478849759501
HUN,2022,Eurostat,2018,16.620093341632998,39.04807862146906,22.42798527983606,Moderate,44232.4363539167,-1.0190499380480098,1.6906667655616907
IRL,2022,Eurostat,2018,9.772124461683257,36.184337580110906,26.412213118427648,Moderate,138464.829172919,4.961215739464814,-1.1048079603451093
ISL,2022,Eurostat,1999,12.538221648440494,35.112098513630585,22.57387686519009,Moderate,76592.3392429534,1.0710521021923505,-1.4253204338177135
ISR,2022,OECD,2018,15.926440774804012,41.58182996362074,25.65538918881673,Moderate,53616.7140829107,0.4501742651571927,3.7749935723260997
ITA,2022,Eurostat,2018,14.236883878781924,38.35985414787629,24.12297026909437,Moderate,57260.8945372493,-0.5001798504010679,1.851907100966276
JPN,2022,OECD,2018,16.10913406815141,43.91314454221054,27.804010474059133,Moderate,49245.964174373,-0.3230288348280759,6.428804655918604
KOR,2022,OECD,2018,12.453094587038866,29.78994520437879,17.33685061733992,Lower,55509.3368761174,-2.6332027347935103,-4.749643125191199
LTU,2022,Eurostat,1999,19.1894323679372,36.029835565350055,16.840403197412858,Moderate,50653.3394443751,3.0740272558455786,-4.702208634204251
LUX,2022,Eurostat,2018,9.571001365031522,30.859180823279704,21.288179458248184,Lower,146919.145398495,5.42632714127234,-6.580945545466772
LVA,2022,Eurostat,2018,20.25144024746715,37.30974070815714,17.058300460689992,Moderate,40546.4638799692,1.634183366492671,-3.162086494424315
MEX,2022,OECD,1999,25.478959021351272,43.059699260970845,17.58074023961957,Moderate,23135.4931593441,0.5543598470946591,0.6937741484119151
MKD,2022,Eurostat,1999,30.632413449800005,54.78165819456861,24.14924474476862,Higher,24212.3733096953,6.2192522563565475,6.991984454108266
MLT,2022,Eurostat,2018,13.047947552367685,28.74797267971766,15.700025127349978,Lower,60623.0076694404,-1.0477194596643535,-6.91001523585906
MNE,2022,Eurostat,2018,23.79376795258699,34.77075228156928,10.97698432898229,Lower,28049.7293227735,1.0343901499064856,-7.054297982810972
NLD,2022,Eurostat,2018,11.526575152886611,34.43128050719081,22.9047053543042,Lower,78630.3599072098,0.3546144930823125,-1.2505093947682298
NOR,2022,Eurostat,1999,11.397830757215605,34.320128753172,22.92229799595639,Lower,129914.042717786,5.870356572027379,-4.2160193192419015
NZL,2022,OECD,1999,12.430965977100987,37.869498779100766,25.43853280199978,Moderate,54080.0485491723,-2.948573969754742,3.507017343345961
POL,2022,Eurostat,2018,18.469947557320204,38.96233443093591,20.492386873615708,Moderate,46777.5524519162,1.4597061768405624,-0.5773053433481792
PRT,2022,Eurostat,2018,17.827614142181115,34.611215573498505,16.78360143131739,Lower,45250.0152469537,0.4441528035359532,-4.088844602146924
ROU,2022,Eurostat,2018,24.740328613359903,48.47739703646626,23.737068423106354,Higher,41979.4260140907,6.51349821450442,3.3103416626031255
SRB,2022,Eurostat,2018,23.605931339552512,42.45026290808255,18.84433156853004,Moderate,26142.9143111159,0.055148766997660914,1.2313054808367774
SVK,2022,Eurostat,2018,18.356413024769594,47.56857406625045,29.21216104148085,Higher,41529.408474315,0.00842455786575158,8.849466136723454
SVN,2022,Eurostat,2018,13.826172486252068,32.77021632634813,18.94404384009606,Lower,52322.1405997493,-1.9248481155680057,-2.791144654169809
SWE,2022,Eurostat,2018,12.479688585351983,37.514168732899975,25.03448014754799,Moderate,66517.6358713011,-0.5728576490407242,1.873152030785299
TUR,2022,Eurostat,2018,21.87165985232153,35.4812369368045,13.609577084482968,Moderate,39919.1608756567,3.0791251787126193,-6.518175822282725
USA,2022,OECD,1999,6.893415534599434,25.2852047421362,18.39178920753677,Lower,78008.6895811877,-4.367775660003353,-5.716267338830907
ALB,2023,Eurostat,1999,28.189514648400632,39.05702529538739,10.867510646986757,Moderate,24847.5057998051,2.812270639124719,-5.578380383515723
AUS,2023,OECD,1999,9.656525792304931,33.32486950591803,23.668343713613098,Lower,72272.7092136683,-2.815206754708699,0.5086694596716299
AUT,2023,Eurostat,2018,10.301919912856402,33.46816167866773,23.16624176581133,Lower,74261.1961105071,-1.8417387725725582,-0.16410505654377516
BEL,2023,Eurostat,2018,10.919618186471157,35.33381008203927,24.41419189556812,Moderate,72629.6179311762,-1.4925696711016752,1.2235409431686755
BGR,2023,Eurostat,2018,20.25226527737963,38.12040289798818,17.86813762060855,Moderate,38829.297423161,0.27101882235485775,-1.3848918917266033
BIH,2023,Eurostat,2018,29.09831983222552,42.579505775997376,13.48118594377186,Moderate,23376.3069324282,2.983333007715551,-2.5809120576349134
CAN,2023,OECD,1999,9.587386002245603,34.11657078909286,24.529184786847257,Lower,64962.1919440095,-4.173353320049392,2.040085433256632
CHE,2023,Eurostat,2018,8.84357704781039,35.416630307460295,26.573053259649903,Moderate,93939.7784980038,-0.45876906606459933,1.7645816275012152
CHL,2023,OECD,1999,21.198326939354363,36.73227296807361,15.533946028719248,Moderate,33173.5278418356,-0.6857413464602438,-2.729186002829751
COL,2023,OECD,1999,22.55312656050602,36.12536758586251,13.572241025356488,Moderate,21281.7475207548,-4.696536619202259,-1.8995687802015997
CYP,2023,Eurostat,2018,12.159006186646126,29.94326850439188,17.78426231774575,Lower,59874.734375,-2.5874647635184385,-4.19203376684186
CZE,2023,Eurostat,2018,14.335140259057368,46.20866998808472,31.87352972902735,Higher,56062.3957561294,-1.2065481166218888,10.31092646289321
DEU,2023,Eurostat,2018,10.971900260499808,35.79234972677596,24.82044946627615,Moderate,72262.2235142279,-1.5015861062055365,1.6616875950215437
DNK,2023,Eurostat,2018,12.114360776113578,40.819320559752015,28.70495978363844,Moderate,77425.3867230346,0.4750600001917391,5.1122328393207574
ESP,2023,Eurostat,2018,12.809227517925311,34.260640155009725,21.45141263708441,Lower,55661.317481747,-2.8192461245282026,-0.06604267270452624
EST,2023,Eurostat,2018,19.072334242321705,43.39009534425446,24.317761101932764,Moderate,48848.1421016254,1.865629081252326,3.621342937658735
FIN,2023,Eurostat,2018,12.556780587172604,42.34214810904847,29.785367521875862,Moderate,63466.8356113767,-1.4854477737574356,7.442706098366216
FRA,2023,Eurostat,2018,12.365825948071093,39.359673023612814,26.993847075541726,Moderate,60927.0361517867,-2.1700547084018336,4.90799643475226
GBR,2023,OECD,1999,9.075906884489736,35.68706409043746,26.611157205947723,Moderate,60786.7193353069,-5.487843364135902,4.5398050529389415
GRC,2023,Eurostat,2018,15.688691515414272,37.409863726374745,21.721172210960475,Moderate,42613.6574438075,-3.1684363165336915,1.8833469100324223
HRV,2023,Eurostat,2018,17.86555749836627,32.36104487892757,14.495487380561295,Lower,47759.6272293173,0.3864561321183402,-6.059223182444539
HUN,2023,Eurostat,2018,16.959889151097425,38.30903034951791,21.34914119842048,Moderate,46376.1979062264,-0.874510959282194,0.979266296878766
IRL,2023,Eurostat,2018,9.882315738841005,36.4453028732953,26.562987134454303,Moderate,133440.438499393,4.822638057208014,-0.4526311285189948
ISL,2023,Eurostat,1999,12.67185445994895,35.015382693312844,22.34352823336389,Moderate,82256.5277425273,1.764175939401273,-1.6298076653829838
ISR,2023,OECD,2018,16.09281285477251,42.76508019678049,26.672267342007977,Moderate,55301.43606891,0.3859341552773614,5.195600385174913
ITA,2023,Eurostat,2018,14.630904324282318,37.70715191513348,23.07624759085116,Moderate,60349.664512107,-0.020067425631419056,1.0502703347446527
JPN,2023,OECD,2018,15.930005475593278,42.97124615506322,27.041240679469936,Moderate,52726.2389417641,-0.3532654248581917,5.86442795934942
KOR,2023,OECD,2018,12.54362447206816,29.720325928695345,17.17670145662718,Lower,57429.8031076402,-2.706782152293499,-4.537434163804463
LTU,2023,Eurostat,1999,18.923271515008963,35.47093370710739,16.547662192098425,Moderate,52720.0689650863,2.6385860834397477,-4.628414652089159
LUX,2023,Eurostat,2018,9.60658132867364,29.965089002852352,20.35850767417871,Lower,152596.126692093,6.168292139192387,-7.500599116089042
LVA,2023,Eurostat,2018,20.5137518770681,36.96417734583679,16.450425468768685,Moderate,42783.8260226567,1.7047961069011102,-3.4124601934762566
MEX,2023,OECD,1999,25.516813883754995,41.71877445142446,16.201960567669467,Moderate,25188.3182559609,0.30423494320355715,-0.32959352075377524
MKD,2023,Eurostat,1999,31.01251170823513,53.96144362337469,22.948931915139543,Higher,25354.144126576,5.8792482206349135,6.376115862094398
MLT,2023,Eurostat,2018,12.057442028850977,26.90808161446633,14.850639585615358,Lower,67101.1037962636,-1.3117275786207703,-7.842164533173804
MNE,2023,Eurostat,2018,22.38949777188968,33.28917258822112,10.899674816331448,Lower,31862.873635118,0.01818067654528477,-7.109977692718402
NLD,2023,Eurostat,2018,11.50440753697482,33.51676422707908,22.01235669010425,Lower,80391.6029350952,0.31953002626830695,-1.8167730735254928
NOR,2023,Eurostat,1999,11.70253229540024,34.823670381571084,23.12113808617085,Lower,107767.977198972,4.060098472933115,-2.550863157107319
NZL,2023,OECD,1999,12.26919988244,37.73979202713892,25.47059214469892,Moderate,54949.699278118,-3.5148040627650854,4.034047749630659
POL,2023,Eurostat,2018,18.363632515495453,39.48432800032624,21.1206954848308,Moderate,48473.0940286419,1.063764704609298,0.4727429576777844
PRT,2023,Eurostat,2018,18.362694814043955,34.22461188610003,15.861917072056077,Lower,49800.3476220918,1.3893430371250943,-4.955897601005976
ROU,2023,Eurostat,2018,23.048412409056738,50.06946121393771,27.02104880488096,Higher,45981.6373404846,5.11073546002865,6.704901204943344
SRB,2023,Eurostat,2018,24.119706840166145,42.75362565482473,18.63391881465858,Moderate,29776.9743496564,0.9300041103496994,1.0500118298437542
SVK,2023,Eurostat,2018,19.86918038642732,48.57527251646224,28.70609213003493,Higher,45864.6125430469,1.9007015686945188,8.40596846451982
SVN,2023,Eurostat,2018,14.04676993114708,32.3608715212294,18.31410159008232,Lower,56150.6852244867,-1.475897772142277,-3.2583967252765724
SWE,2023,Eurostat,2018,12.896438678801522,37.464356720194765,24.567918041393245,Moderate,68457.9015289277,-0.2307608869238127,1.7492348040893226
TUR,2023,Eurostat,2018,22.6999138883468,35.72231826729195,13.02240437894515,Moderate,43196.3381254367,4.006943195983922,-6.900819741934907
USA,2023,OECD,1999,6.676629992145251,25.35582913264515,18.679199140499904,Lower,82586.7847707891,-4.182615494174712,-5.319332884228409
ALB,2024,Eurostat,1999,27.29821598002788,38.10745382589999,10.809237845872111,Moderate,26701.7649330157,2.8155115400186084,-5.104614895197784
AUS,2024,OECD,1999,9.56827627653469,33.88855308603593,24.32027680950124,Lower,72117.8826659555,-3.090581475604992,1.1556481842934225
AUT,2024,Eurostat,2018,10.206071159949548,32.92765644829952,22.72158528834997,Lower,75774.4136543206,-1.8642120128890802,-0.8039768366122715
BEL,2024,Eurostat,2018,10.987691912882704,35.150382313266185,24.16269040038348,Moderate,74224.5510568017,-1.3285202181252398,0.7879400887150219
BGR,2024,Eurostat,2018,20.14457503334041,36.774592906716535,16.630017873376126,Moderate,41969.595471884,1.0433909667678236,-2.5839620744972365
BIH,2024,Eurostat,2018,29.0245018300122,42.2890402602684,13.2645384302562,Moderate,25148.0128390147,3.828362814242496,-2.211812510139895
CAN,2024,OECD,1999,9.46877230654876,34.998259720493415,25.52948741394465,Lower,65482.9454728344,-4.338614460207493,3.0691749644496085
CHE,2024,Eurostat,2018,8.85723670072297,35.82807016582744,26.97083346510447,Moderate,97467.7447151829,-0.2170077779676749,1.6080008067075227
CHL,2024,OECD,1999,21.49090059748309,37.088788865936586,15.597888268453492,Moderate,36070.892945837,0.5873010564863819,-2.510790587469888
COL,2024,OECD,1999,22.585057551176813,36.56581400274538,13.98075645156857,Moderate,22439.4001359818,-3.9672502774933385,-0.6639466856225944
CYP,2024,Eurostat,2018,12.450144312948936,30.22025238419937,17.77010807125043,Lower,63006.765625,-1.8159721789087655,-4.408896059902201
CZE,2024,Eurostat,2018,13.844555730194294,45.72458762498746,31.880031894793166,Higher,57625.0961715706,-1.4840698057675397,10.35259363361855
DEU,2024,Eurostat,2018,11.479819868097652,36.06596989865909,24.58615003056144,Moderate,73957.0012170966,-0.8793657212233352,1.2377524722244075
DNK,2024,Eurostat,2018,11.87252479557587,40.82149002001225,28.948965224436385,Moderate,80937.8001363997,0.5867151529740653,4.942337850157159
ESP,2024,Eurostat,2018,12.38574485162245,33.24146047556103,20.85571562393857,Lower,58063.7350840487,-2.8526390230791048,-0.7270618240915248
EST,2024,Eurostat,2018,18.626079683917578,43.58342105389647,24.9573413699789,Moderate,50395.7686402966,1.702202535738973,4.408164433087208
FIN,2024,Eurostat,2018,12.50467605055269,41.88934447272487,29.384668422172183,Moderate,65137.1816928289,-1.3657134925010421,6.962991369690563
FRA,2024,Eurostat,2018,12.168206595664056,39.6213182504019,27.45311165473784,Moderate,62524.5434134804,-2.189339443000282,5.330175161350091
GBR,2024,OECD,1999,9.06616765529454,36.20599699955034,27.139829344255805,Moderate,62839.4679324927,-5.23158903966843,4.980228037556241
GRC,2024,Eurostat,2018,15.826170812798908,37.60679304100158,21.780622228202667,Moderate,44170.9556658376,-2.666643924781267,2.1935699819686505
HRV,2024,Eurostat,2018,17.630358819966098,31.991575430760573,14.361216610794475,Lower,49550.8073348367,0.5052628851912075,-6.064566276444598
HUN,2024,Eurostat,2018,16.704685032883624,38.063468556700606,21.35878352381698,Moderate,48540.1614792293,-0.6656414798637158,1.0833841799166422
IRL,2024,Eurostat,2018,9.76746763797182,35.46079936244068,25.69333172446886,Moderate,140779.203379453,5.068634922015534,-2.352648891602083
ISL,2024,Eurostat,1999,12.944225179371458,36.89100770238207,23.94678252301061,Moderate,83561.4294628375,2.0380491996761663,-0.2926488346485385
ISR,2024,OECD,2018,16.431691238623785,42.74185880364039,26.31016756501661,Moderate,57277.8631217651,1.031140608198882,4.826836162985575
ITA,2024,Eurostat,2018,14.646088918643068,37.35652258721988,22.71043366857681,Moderate,62292.9012423008,0.24437240022023765,0.6145839818669891
JPN,2024,OECD,2018,16.33439199217682,43.02600808479824,26.691616092621423,Moderate,54156.2687689605,0.2669406986096874,5.617250348982111
KOR,2024,OECD,2018,12.73753746388699,29.97694128209281,17.239403818205812,Lower,61051.3492502498,-1.903758716007463,-4.709527655033721
LUX,2024,Eurostat,2018,9.32848653258866,29.248287341458724,19.919800808870058,Lower,156079.3685607,5.857434510108636,-8.879095747188586
LVA,2024,Eurostat,2018,20.05827098139253,35.87120662736433,15.812935645971796,Moderate,43873.3777849582,1.4850128900296262,-3.724786061306107
MEX,2024,OECD,1999,25.22654826387964,40.6479859983015,15.421437734421866,Moderate,25820.3527960242,0.34438975412040307,-0.2474564908432466
MLT,2024,Eurostat,2018,11.58223962567821,26.56423700409829,14.981997378420084,Lower,70062.9017440762,-1.4206402800659994,-7.971665424850611
MNE,2024,Eurostat,2018,22.82337797496782,33.71812779010215,10.894749815134336,Lower,34062.8241865953,1.238131133013077,-6.795920253822548
NLD,2024,Eurostat,2018,11.520713184012877,33.56755465396996,22.046841469957084,Lower,85218.3689343246,0.8481999150154564,-2.3358796302431664
NZL,2024,OECD,1999,12.189769613474285,38.493356793520775,26.30358718004649,Moderate,55793.9990422226,-3.5231398475901,5.011804597632839
POL,2024,Eurostat,2018,17.950793297147577,38.50365402649344,20.55286072934586,Moderate,51262.5105756884,1.229846430176842,-0.12075980259454866
PRT,2024,Eurostat,2018,18.174963541499555,34.193260585385346,16.018297043885788,Lower,52512.5651003677,1.7407288807614556,-4.831144944939069
ROU,2024,Eurostat,2018,23.10916255849011,50.20146267123342,27.09230011274332,Higher,49076.7137157187,5.869658038346014,6.736676373675916
SRB,2024,Eurostat,2018,23.578072769001803,41.81729866751917,18.23922589851736,Moderate,32832.274492238,1.5549580057096897,0.8170709962640288
SVK,2024,Eurostat,2018,19.713435735535185,47.36189225139502,27.64845651585983,Higher,47846.6169154961,2.1718501136967205,7.478078951327692
SVN,2024,Eurostat,2018,14.624544019319124,32.63928845755943,18.014744438240303,Lower,57570.5904042272,-0.7153429987471682,-3.505787907709067
SWE,2024,Eurostat,2018,12.931945419587976,37.7798348008753,24.84788938128732,Moderate,71221.9379308266,0.12431974466457518,1.7744901922629275
TUR,2024,Eurostat,2018,21.608140312247983,36.78390900493484,15.175768692686855,Moderate,45122.9317187258,3.369077897456563,-4.566892914120839
USA,2024,OECD,1999,6.508955519014216,25.39777907291385,18.88882355389963,Lower,86169.6641581914,-4.03144991974566,-5.5749104598539425
