country_code,first,last,n_available,n_missing,interior_gaps
AL,1995,2024,30,1,
AT,1995,2025,31,0,
BA,2000,2024,25,6,
BE,1995,2024,30,1,
BG,1995,2024,30,1,
CH,1995,2024,30,1,
CY,1995,2024,30,1,
CZ,1995,2025,31,0,
DE,1995,2025,31,0,
DK,1995,2025,31,0,
EE,1995,2025,31,0,
EL,1995,2024,30,1,
ES,1995,2024,30,1,
FI,1995,2025,31,0,
FR,1995,2025,31,0,
HR,1995,2024,30,1,
HU,1995,2024,30,1,
IE,1995,2025,31,0,
IS,1995,2025,31,0,
IT,1995,2025,31,0,
LT,1995,2023,29,2,
LU,1995,2024,30,1,
LV,1995,2024,30,1,
ME,2006,2024,19,12,
MK,2000,2023,24,7,
MT,1995,2025,31,0,
NL,1995,2025,31,0,
NO,1995,2023,29,2,
PL,1995,2024,30,1,
PT,1995,2025,31,0,
RO,2010,2024,15,16,
RS,1995,2024,30,1,
SE,1995,2025,31,0,
SI,1995,2025,31,0,
SK,1995,2024,30,1,
TR,2009,2025,17,14,
UK,1995,2019,25,6,
XK,2008,2017,10,21,
