iso3,year,coicop,oecd_2018,oecd_1999,gap
ISR,1995,CP01,16.44886694818048,16.355642095502123,0.09322485267835745
ISR,1995,CP04,22.757075646921038,22.437370693631024,0.3197049532900138
ISR,1996,CP01,16.623358486724246,16.54445353691831,0.07890494980593488
ISR,1996,CP04,21.910047977468018,21.60013283970107,0.30991513776694646
ISR,1997,CP01,16.679593683940904,16.593044871031235,0.08654881290966898
ISR,1997,CP04,22.006244300960144,21.668463058680704,0.3377812422794406
ISR,1998,CP01,16.191593374878085,16.07126443248527,0.12032894239281688
ISR,1998,CP04,22.746142283138372,22.356404623033693,0.3897376601046787
ISR,1999,CP01,15.520922041393964,15.406220876438164,0.1147011649558003
ISR,1999,CP04,22.575051362208377,22.183387772898527,0.3916635893098501
ISR,2000,CP01,15.167983542213987,15.031738197573437,0.1362453446405496
ISR,2000,CP04,22.318109479839176,21.8846045693159,0.43350491052327556
ISR,2001,CP01,15.439584679052661,15.309786409523968,0.12979826952869367
ISR,2001,CP04,23.141848680810355,22.723939348064643,0.41790933274571174
ISR,2002,CP01,15.39294914439856,15.231491171145523,0.16145797325303768
ISR,2002,CP04,24.628698939027302,24.166170617872456,0.46252832115484566
ISR,2003,CP01,16.01458386290752,15.882852458543207,0.13173140436431474
ISR,2003,CP04,23.46912239372198,23.090797449422617,0.37832494429936503
ISR,2004,CP01,15.696553388212637,15.5382036436068,0.15834974460583773
ISR,2004,CP04,23.04152018148518,22.63625497321442,0.40526520827075885
ISR,2005,CP01,15.380715425234168,15.204230999641963,0.17648442559220534
ISR,2005,CP04,22.875403496660077,22.447446706397084,0.4279567902629928
ISR,2006,CP01,15.509176528522053,15.331085873729663,0.17809065479239017
ISR,2006,CP04,22.528443957309793,22.11272469877199,0.415719258537802
ISR,2007,CP01,15.235396339121559,15.041234094106237,0.1941622450153222
ISR,2007,CP04,21.785982560500063,21.337508960655107,0.44847359984495583
ISR,2008,CP01,16.118189669548915,15.919876070779626,0.198313598769289
ISR,2008,CP04,21.838033411251303,21.398378348249334,0.4396550630019682
ISR,2009,CP01,15.93649399696457,15.73617469238785,0.20031930457671976
ISR,2009,CP04,23.582898755393376,23.123029068034786,0.4598696873585908
ISR,2010,CP01,15.595338236938602,15.401158735102028,0.19417950183657418
ISR,2010,CP04,23.322981185043503,22.862956491735318,0.46002469330818485
ISR,2011,CP01,15.298599426729467,15.118469185089682,0.18013024163978564
ISR,2011,CP04,23.409387741636248,22.96267299737901,0.446714744257239
ISR,2012,CP01,15.07423288786241,14.893418567880495,0.18081431998191455
ISR,2012,CP04,24.146232267422825,23.693054001729564,0.4531782656932606
ISR,2013,CP01,15.630337626809206,15.449181066463622,0.1811565603455847
ISR,2013,CP04,24.207668766596875,23.76720877809714,0.440459988499736
ISR,2014,CP01,15.389392396161147,15.202473714788361,0.1869186813727861
ISR,2014,CP04,24.609764632562246,24.14683248177,0.4629321507922448
ISR,2015,CP01,15.773166096591632,15.56092339465395,0.2122427019376829
ISR,2015,CP04,25.00796735035344,24.52229386162497,0.4856734887284695
ISR,2016,CP01,15.501700393262272,15.278217040009032,0.22348335325323987
ISR,2016,CP04,24.790222793944384,24.290224219438556,0.4999985745058275
ISR,2017,CP01,15.576368608782415,15.343911102410853,0.2324575063715617
ISR,2017,CP04,25.047676306540634,24.538519246116277,0.5091570604243572
ISR,2018,CP01,15.44191710850833,15.235501121159079,0.20641598734925104
ISR,2018,CP04,25.196408415021104,24.728252499342588,0.46815591567851556
ISR,2019,CP01,15.646923593946886,15.411736385478198,0.23518720846868746
ISR,2019,CP04,25.47862273065033,24.96683161511241,0.5117911155379176
ISR,2020,CP01,17.398567156820032,17.123652962107272,0.27491419471276046
ISR,2020,CP04,28.807452703332487,28.203259096262283,0.6041936070702043
ISR,2021,CP01,16.417464605025426,16.14994689367556,0.2675177113498677
ISR,2021,CP04,26.68079814924271,26.090970775550854,0.5898273736918576
ISR,2022,CP01,15.926440774804012,15.676599068291091,0.24984170651292104
ISR,2022,CP04,25.65538918881673,25.086828562288915,0.568560626527816
ISR,2023,CP01,16.09281285477251,15.975187153223777,0.11762570154873409
ISR,2023,CP04,26.672267342007977,26.15158089038528,0.5206864516226979
