iso3,food_share,food_residual,mean_residual_2015_2024,years_in_top5,caveats
ROU,23.10916255849011,5.869658038346014,5.766790543160983,8,CP04 version gap up to 7.6 pts
LUX,9.32848653258866,5.857434510108636,5.858076771921849,10,tourism lowers shares
GBR,9.06616765529454,-5.23158903966843,-4.8551643586259186,8,UK from OECD (+0.5-0.9 pt source gap)
IRL,9.76746763797182,5.068634922015534,3.656910738933985,2,
CAN,9.46877230654876,-4.338614460207493,-3.900958350376404,1,
USA,6.508955519014216,-4.03144991974566,-3.8683078412101657,0,
COL,22.585057551176813,-3.9672502774933385,-6.5976454391905595,7,no imputed-rent figure
BIH,29.0245018300122,3.828362814242496,1.9953446358645717,0,CP01 version gap up to 4.2 pts
NZL,12.189769613474285,-3.5231398475901,-2.3864755270485234,0,no imputed-rent figure
TUR,21.608140312247983,3.369077897456563,3.325529096592214,0,no imputed-rent figure
AUS,9.56827627653469,-3.090581475604992,-2.9628248428908948,0,
ESP,12.38574485162245,-2.8526390230791048,-2.47482172646419,0,tourism lowers shares
ALB,27.29821598002788,2.8155115400186084,2.6105482326161127,0,
GRC,15.826170812798908,-2.666643924781267,-2.6295564257717023,0,tourism lowers shares
FRA,12.168206595664056,-2.189339443000282,-1.6260015170411801,0,
SVK,19.713435735535185,2.1718501136967205,-0.07978318429010649,0,
ISL,12.944225179371458,2.0380491996761663,1.4471171119173625,0,tourism lowers shares
KOR,12.73753746388699,-1.903758716007463,-2.208304437578753,0,no imputed-rent figure
AUT,10.206071159949548,-1.8642120128890802,-1.4163816299362053,0,
CYP,12.450144312948936,-1.8159721789087655,-3.106090929763957,0,
PRT,18.174963541499555,1.7407288807614556,0.36159897544752795,0,tourism lowers shares
EST,18.626079683917578,1.702202535738973,2.537326600331297,0,
SRB,23.578072769001803,1.5549580057096897,0.1450112868501378,0,
LVA,20.05827098139253,1.4850128900296262,0.6617155638355122,0,CP04 version gap up to 6.2 pts
CZE,13.844555730194294,-1.4840698057675397,-0.3456318923790779,0,CP04 version gap up to 6.9 pts
MLT,11.58223962567821,-1.4206402800659994,-0.5079217271372733,0,
FIN,12.50467605055269,-1.3657134925010421,-1.3442802022891507,0,
BEL,10.987691912882704,-1.3285202181252398,-0.6045448368006229,0,
MNE,22.82337797496782,1.238131133013077,0.20101344000724702,0,CP01 version gap up to 6.3 pts
POL,17.950793297147577,1.229846430176842,0.4996075196538762,0,
BGR,20.14457503334041,1.0433909667678236,-0.9607142938925743,0,
ISR,16.431691238623785,1.031140608198882,0.5086711159908704,0,
DEU,11.479819868097652,-0.8793657212233352,-1.3468503844824014,0,
NLD,11.520713184012877,0.8481999150154564,0.2796769200305638,0,
SVN,14.624544019319124,-0.7153429987471682,-1.5439742458244508,0,
HUN,16.704685032883624,-0.6656414798637158,-0.44764477426854443,0,
CHL,21.49090059748309,0.5873010564863819,-1.4722434347357942,0,no imputed-rent figure
DNK,11.87252479557587,0.5867151529740653,0.2919592959028748,0,
HRV,17.630358819966098,0.5052628851912075,0.0703748662320148,0,tourism lowers shares
MEX,25.22654826387964,0.34438975412040307,1.569321250377732,0,
JPN,16.33439199217682,0.2669406986096874,0.6612005064675175,0,
ITA,14.646088918643068,0.24437240022023765,-0.12373042318933258,0,
CHE,8.85723670072297,-0.2170077779676749,0.26822721345762873,0,no imputed-rent figure
SWE,12.931945419587976,0.12431974466457518,0.08297530347187773,0,
