iso3,housing_share,housing_residual,mean_residual_2015_2024,years_in_top5,caveats
CZE,31.880031894793166,10.35259363361855,8.744980496574788,10,CP04 version gap up to 6.9 pts
LUX,19.919800808870058,-8.879095747188586,-5.8807008337169835,3,tourism lowers shares
MLT,14.981997378420084,-7.971665424850611,-7.765131526761732,8,
SVK,27.64845651585983,7.478078951327692,8.506990518291122,10,
FIN,29.384668422172183,6.962991369690563,6.44735733134984,7,
MNE,10.894749815134336,-6.795920253822548,-5.412564799692819,2,CP01 version gap up to 6.3 pts
ROU,27.09230011274332,6.736676373675916,5.345717554165681,2,CP04 version gap up to 7.6 pts
HRV,14.361216610794475,-6.064566276444598,-3.9034119593509784,0,tourism lowers shares
JPN,26.691616092621423,5.617250348982111,4.60357874652683,0,
USA,18.88882355389963,-5.5749104598539425,-5.8712598847233135,2,
FRA,27.45311165473784,5.330175161350091,5.552328387525071,0,
ALB,10.809237845872111,-5.104614895197784,-3.8462644975185993,0,
NZL,26.30358718004649,5.011804597632839,3.346723087357958,0,no imputed-rent figure
GBR,27.139829344255805,4.980228037556241,4.014911144451256,0,UK from OECD (+0.5-0.9 pt source gap)
DNK,28.948965224436385,4.942337850157159,5.08160083724092,1,
PRT,16.018297043885788,-4.831144944939069,-3.2803685533299527,0,tourism lowers shares
ISR,26.31016756501661,4.826836162985575,4.017993413660632,0,
KOR,17.239403818205812,-4.709527655033721,-4.76943728928031,0,no imputed-rent figure
TUR,15.175768692686855,-4.566892914120839,-4.745897394275521,0,no imputed-rent figure
CYP,17.77010807125043,-4.408896059902201,-4.912042711836007,3,
EST,24.9573413699789,4.408164433087208,0.8948663102331761,0,
LVA,15.812935645971796,-3.724786061306107,-3.5873917385618137,0,CP04 version gap up to 6.2 pts
SVN,18.014744438240303,-3.505787907709067,-2.6483442204574574,0,
CAN,25.52948741394465,3.0691749644496085,1.6143746210271495,0,
BGR,16.630017873376126,-2.5839620744972365,-0.23963372517343765,0,
CHL,15.597888268453492,-2.510790587469888,-3.454081254020853,0,no imputed-rent figure
IRL,25.69333172446886,-2.352648891602083,-1.1424356980848986,0,
NLD,22.046841469957084,-2.3358796302431664,-0.7053665507562219,0,
BIH,13.2645384302562,-2.211812510139895,-1.7780441007921972,0,CP01 version gap up to 4.2 pts
GRC,21.780622228202667,2.1935699819686505,2.042274988496579,0,tourism lowers shares
SWE,24.84788938128732,1.7744901922629275,1.9976932477829699,0,
CHE,26.97083346510447,1.6080008067075227,0.9111582895811747,0,no imputed-rent figure
DEU,24.58615003056144,1.2377524722244075,1.0766794238321562,0,
AUS,24.32027680950124,1.1556481842934225,0.5091472058454091,0,
HUN,21.35878352381698,1.0833841799166422,0.4793632152905246,0,
SRB,18.23922589851736,0.8170709962640288,2.5202224244348086,0,
AUT,22.72158528834997,-0.8039768366122715,-1.3197894558796168,0,
BEL,24.16269040038348,0.7879400887150219,0.8843482344202211,0,
ESP,20.85571562393857,-0.7270618240915248,1.0710970427680135,0,tourism lowers shares
COL,13.98075645156857,-0.6639466856225944,-0.975152314319536,0,no imputed-rent figure
ITA,22.71043366857681,0.6145839818669891,1.4801577640269616,0,
ISL,23.94678252301061,-0.2926488346485385,-0.38989685736493734,0,tourism lowers shares
MEX,15.421437734421866,-0.2474564908432466,-0.8038567510419161,0,
POL,20.55286072934586,-0.12075980259454866,-0.3321309718915352,0,
