iso3,nonresident_spending_pct,resident_spending_abroad_pct,share_multiplier,housing_25pct_would_be
HRV,25.605099810176355,2.6863100295084097,1.2973330298713952,32.43332574678488
GRC,11.064012243480004,1.2046933340010078,1.1093770181254574,27.734425453136435
PRT,12.093735146494797,2.562978862060822,1.10534802650057,27.63370066251425
LUX,22.640586411229556,14.18883199065782,1.0923202227096631,27.308005567741578
ISL,15.021517946185389,9.210459046270895,1.0616957663186768,26.54239415796692
ESP,7.260521739998777,2.104410411832331,1.054364191519044,26.3591047879761
SVN,9.464836589618637,4.888898824160594,1.0479502024697969,26.198755061744922
HUN,6.057812519922552,2.4185547933562628,1.0377670163253778,25.944175408134445
BGR,7.19317014888076,3.7391990191752793,1.0357774771550303,25.89443692887576
AUT,7.410907139345267,4.528282067736437,1.0296818676754218,25.742046691885545
MEX,2.9549214806813278,0.9089718979042192,1.0208868298356488,25.52217074589122
SEN,2.9255286656308783,0.9063175983582838,1.020608234422964,25.5152058605741
ITA,3.7499009732371436,1.773466589111589,1.0201628493281976,25.50407123320494
DNK,5.107379627262246,3.4148782643600337,1.0172164014583476,25.43041003645869
NZL,3.528970080341192,1.8881161769347454,1.016682270724423,25.417056768110573
CZE,3.2730360989144494,2.0683465406359156,1.0121937929330074,25.304844823325183
FRA,4.087089406000297,3.1886076728089843,1.0090662761671556,25.22665690417889
EST,6.2891871522265514,5.436624385967726,1.0085989390149228,25.21497347537307
CAN,2.981391311558156,2.4432746606087687,1.0054102801277243,25.135257003193107
LVA,4.860421337419947,4.375608971630199,1.0048717424678109,25.12179356169527
POL,1.791153478796052,1.5293172084981266,1.0026253496831132,25.065633742077832
CMR,0.5296252814064593,0.3097293435813409,1.0022038054569284,25.055095136423212
JPN,0.3104481560332662,0.1858928286022085,1.0012471066120345,25.031177665300863
FIN,2.5183192653742696,2.4588009770274866,1.0005955373370974,25.014888433427434
AUS,4.120155390034209,3.330378936017585,1.0,25.0
CHL,0.662826536100906,0.8864753963261128,0.9977685021173284,24.94421255293321
USA,0.8637689438673778,1.1038407871911506,0.9976049730562384,24.94012432640596
SWE,3.660806522523553,4.016579832069126,0.9964548794970849,24.911371987427124
LTU,2.2577396445060622,2.3838235871143256,0.9957464875311914,24.893662188279787
NLD,3.674187877541097,4.1976024387050925,0.9947931080191718,24.869827700479295
HKG,1.4033664811998894,2.0295328483549904,0.9937773007781057,24.844432519452642
KOR,0.8760130666197843,1.6054173471429944,0.9927587749998811,24.818969374997028
GBR,3.5573706250222656,4.305687349606345,0.9925724146178069,24.814310365445174
COL,1.3873253922246946,2.284627035921985,0.991106782549389,24.777669563734726
IRL,5.025077309821913,6.038681393899145,0.9899656675626228,24.74914168906557
CHE,4.036552079647604,5.191477676327492,0.9885826064339688,24.71456516084922
ROU,1.5036683162075528,3.2584747968270626,0.9827545593047369,24.56886398261842
DEU,1.3252058357904153,3.3783160798115155,0.979881943439922,24.497048585998048
ISR,1.9468795710974702,2.988316276379687,0.9788212956736635,24.470532391841587
SVK,2.1799746514575413,5.803407970708351,0.9650326841797698,24.125817104494246
BEL,2.655380249135049,6.410436461784908,0.9638084508869261,24.095211272173152
